OCFAQ	CREVLIQ	VCLIF	Pliocene SL (m)	LIG SL (m)	Ensemble Member	Ice Sheet	Scenario	2000	2010	2020	2030	2040	2050	2060	2070	2080	2090	2100	2110	2120	2130	2140	2150	2160	2170	2180	2190	2200	2210	2220	2230	2240	2250	2260	2270	2280	2290	2300
0.1	50	3	10.72	3.53	1	AIS	RCP 8.5	0	-18	-36	-53	-59	-41	18	122	266	445	655	908	1278	1756	2334	2917	3459	3994	4530	5042	5558	6080	6531	6915	7270	7609	7932	8238	8534	8828	9104
0.1	50	3	10.72	3.53	1	WAIS	RCP 8.5	0	-13	-26	-39	-50	-54	-40	-1	66	157	267	408	644	967	1367	1752	2079	2369	2666	2936	3204	3473	3676	3816	3933	4036	4127	4208	4282	4353	4407
0.1	50	3	10.72	3.53	1	EAIS	RCP 8.5	0	-5	-10	-14	-9	13	58	123	200	288	388	500	634	789	967	1165	1380	1625	1864	2106	2354	2607	2855	3099	3337	3573	3805	4030	4252	4475	4697
0.1	50	3	10.72	3.53	1	AIS	RCP 4.5	0	-18	-36	-53	-64	-58	-37	1	59	128	204	289	379	476	582	695	822	953	1101	1271	1432	1590	1737	1873	2009	2152	2271	2376	2470	2555	2635
0.1	50	3	10.72	3.53	1	WAIS	RCP 4.5	0	-13	-26	-38	-51	-60	-64	-61	-49	-32	-10	16	50	91	140	195	264	335	421	528	627	723	811	891	973	1064	1135	1195	1246	1290	1330
0.1	50	3	10.72	3.53	1	EAIS	RCP 4.5	0	-5	-10	-15	-13	2	27	62	108	160	214	273	329	385	442	500	558	618	680	743	805	867	926	982	1036	1088	1136	1181	1224	1265	1305
0.1	50	3	10.72	3.53	1	AIS	RCP 2.6	0	-18	-37	-53	-64	-68	-65	-62	-60	-60	-60	-59	-57	-55	-47	-41	-37	-34	-33	-32	-33	-34	-33	-33	-35	-36	-37	-39	-41	-43	-46
0.1	50	3	10.72	3.53	1	WAIS	RCP 2.6	0	-13	-26	-39	-51	-63	-73	-84	-94	-105	-114	-123	-133	-143	-151	-160	-169	-177	-186	-193	-201	-209	-216	-223	-231	-238	-245	-252	-258	-264	-271
0.1	50	3	10.72	3.53	1	EAIS	RCP 2.6	0	-5	-11	-14	-13	-5	8	22	34	45	54	64	76	88	104	119	132	143	153	161	168	175	183	190	196	202	208	213	217	221	225
0.1	50	3	10.72	3.53	1	AIS	RCP 8.5 (BC)	0	-18	-36	-53	-60	-40	20	120	263	437	647	902	1274	1753	2336	2926	3468	4004	4538	5041	5552	6078	6530	6913	7268	7608	7931	8236	8531	8826	9102
0.1	50	3	10.72	3.53	1	WAIS	RCP 8.5 (BC)	0	-13	-26	-39	-50	-53	-38	-2	65	152	263	406	644	967	1370	1761	2086	2381	2674	2937	3199	3472	3676	3815	3932	4035	4126	4207	4281	4352	4406
0.1	50	3	10.72	3.53	1	EAIS	RCP 8.5 (BC)	0	-5	-10	-14	-10	13	58	122	198	285	384	496	630	786	966	1165	1382	1623	1864	2104	2353	2606	2854	3098	3336	3573	3805	4029	4250	4474	4696
0.1	50	3	10.72	3.53	1	AIS	RCP 4.5 (BC)	0	-18	-37	-54	-64	-59	-38	0	59	128	203	288	377	475	580	693	822	952	1098	1266	1426	1582	1733	1872	2006	2152	2267	2369	2461	2546	2626
0.1	50	3	10.72	3.53	1	WAIS	RCP 4.5 (BC)	0	-13	-26	-39	-50	-59	-63	-60	-48	-30	-8	18	51	93	141	196	267	338	425	531	630	724	816	898	979	1072	1140	1197	1248	1292	1332
0.1	50	3	10.72	3.53	1	EAIS	RCP 4.5 (BC)	0	-5	-11	-15	-14	0	25	60	107	158	211	270	326	382	439	497	555	614	673	735	796	858	917	974	1027	1080	1127	1172	1213	1254	1294
0.1	50	3	10.72	3.53	1	AIS	RCP 2.6 (BC)	0	-17	-35	-52	-64	-69	-66	-62	-61	-60	-59	-59	-57	-54	-49	-41	-35	-30	-28	-27	-26	-25	-25	-24	-24	-24	-25	-26	-28	-28	-30
0.1	50	3	10.72	3.53	1	WAIS	RCP 2.6 (BC)	0	-12	-25	-38	-50	-62	-72	-83	-94	-104	-113	-122	-131	-140	-149	-157	-165	-173	-181	-188	-195	-202	-209	-216	-223	-229	-236	-242	-248	-253	-259
0.1	50	3	10.72	3.53	1	EAIS	RCP 2.6 (BC)	0	-5	-10	-14	-14	-7	6	21	33	44	54	63	74	86	100	116	130	143	153	161	169	177	184	192	199	205	211	216	220	225	229
0.1	50	5	10.89	3.76	2	AIS	RCP 8.5	0	-17	-33	-43	-33	18	125	298	538	824	1151	1528	2059	2678	3321	4015	4640	5246	5845	6460	7070	7593	8081	8539	8974	9367	9744	10103	10452	10792	11131
0.1	50	5	10.89	3.76	2	WAIS	RCP 8.5	0	-13	-26	-38	-48	-48	-23	39	143	277	440	641	979	1375	1764	2173	2514	2827	3123	3420	3697	3877	4028	4155	4261	4341	4404	4458	4509	4555	4598
0.1	50	5	10.89	3.76	2	EAIS	RCP 8.5	0	-4	-7	-5	15	66	148	259	395	547	711	887	1080	1303	1557	1842	2126	2419	2722	3040	3373	3716	4053	4384	4713	5026	5340	5645	5943	6237	6533
0.1	50	5	10.89	3.76	2	AIS	RCP 4.5	0	-16	-33	-45	-43	-12	37	115	224	361	509	669	849	1060	1302	1541	1781	1998	2205	2402	2560	2701	2835	2961	3085	3203	3322	3442	3566	3685	3815
0.1	50	5	10.89	3.76	2	WAIS	RCP 4.5	0	-12	-25	-37	-49	-56	-57	-45	-22	12	59	124	211	324	461	597	739	864	986	1106	1188	1254	1316	1371	1426	1478	1531	1584	1641	1700	1768
0.1	50	5	10.89	3.76	2	EAIS	RCP 4.5	0	-4	-8	-8	6	44	94	160	246	349	450	545	638	736	841	944	1042	1134	1219	1296	1372	1447	1519	1590	1659	1725	1791	1858	1925	1985	2047
0.1	50	5	10.89	3.76	2	AIS	RCP 2.6	0	-17	-34	-45	-44	-28	-6	12	32	55	82	101	118	133	149	161	172	180	187	194	198	200	202	203	202	200	199	197	196	194	192
0.1	50	5	10.89	3.76	2	WAIS	RCP 2.6	0	-13	-26	-38	-50	-61	-71	-82	-92	-103	-112	-121	-131	-141	-149	-158	-167	-176	-184	-191	-200	-208	-215	-222	-230	-238	-244	-251	-257	-263	-269
0.1	50	5	10.89	3.76	2	EAIS	RCP 2.6	0	-4	-8	-7	6	33	65	94	124	158	194	222	249	274	298	319	339	356	371	385	398	408	417	425	432	438	443	448	453	457	461
0.1	50	5	10.89	3.76	2	AIS	RCP 8.5 (BC)	0	-17	-34	-44	-33	19	126	296	537	824	1145	1519	2052	2666	3309	3999	4621	5225	5818	6425	7031	7547	8030	8487	8924	9323	9707	10070	10421	10764	11105
0.1	50	5	10.89	3.76	2	WAIS	RCP 8.5 (BC)	0	-13	-26	-38	-48	-48	-22	40	145	280	446	653	999	1396	1791	2199	2531	2843	3138	3428	3699	3875	4024	4150	4257	4337	4400	4455	4506	4551	4594
0.1	50	5	10.89	3.76	2	EAIS	RCP 8.5 (BC)	0	-4	-8	-6	15	67	148	256	392	544	699	866	1053	1270	1518	1800	2090	2382	2680	2997	3332	3672	4006	4337	4667	4986	5307	5615	5915	6213	6511
0.1	50	5	10.89	3.76	2	AIS	RCP 4.5 (BC)	0	-16	-33	-44	-43	-12	35	112	222	358	505	665	851	1059	1305	1543	1777	1992	2197	2388	2545	2685	2816	2945	3067	3189	3314	3435	3553	3671	3800
0.1	50	5	10.89	3.76	2	WAIS	RCP 4.5 (BC)	0	-12	-25	-37	-49	-56	-57	-45	-20	14	59	126	220	333	476	613	748	872	992	1104	1187	1252	1309	1364	1418	1472	1527	1580	1632	1688	1756
0.1	50	5	10.89	3.76	2	EAIS	RCP 4.5 (BC)	0	-4	-8	-7	6	44	92	157	242	344	446	539	631	726	829	930	1029	1120	1205	1284	1358	1433	1507	1581	1649	1717	1787	1855	1921	1983	2044
0.1	50	5	10.89	3.76	2	AIS	RCP 2.6 (BC)	0	-16	-31	-43	-46	-34	-11	8	25	45	70	95	113	130	145	158	169	178	186	194	199	202	204	206	206	204	203	203	201	199	198
0.1	50	5	10.89	3.76	2	WAIS	RCP 2.6 (BC)	0	-13	-25	-37	-50	-61	-71	-81	-91	-101	-111	-119	-129	-139	-148	-156	-164	-172	-179	-186	-193	-201	-208	-215	-222	-230	-236	-242	-248	-254	-260
0.1	50	5	10.89	3.76	2	EAIS	RCP 2.6 (BC)	0	-3	-6	-6	4	27	60	89	116	146	181	214	242	269	293	314	333	350	365	380	392	403	412	421	428	434	439	445	449	453	458
0.1	100	3	11.15	4.44	3	AIS	RCP 8.5	0	-17	-34	-45	-43	-14	58	168	323	513	735	1007	1385	1879	2456	3042	3589	4119	4644	5148	5657	6176	6622	7002	7355	7690	8011	8317	8615	8909	9184
0.1	100	3	11.15	4.44	3	WAIS	RCP 8.5	0	-13	-26	-38	-49	-50	-32	12	85	181	295	446	686	1023	1418	1802	2121	2415	2704	2970	3233	3499	3696	3832	3947	4049	4138	4218	4292	4361	4414
0.1	100	3	11.15	4.44	3	EAIS	RCP 8.5	0	-4	-8	-7	6	36	90	156	238	332	440	561	699	856	1038	1240	1468	1704	1940	2178	2424	2677	2926	3170	3408	3641	3873	4099	4323	4548	4770
0.1	100	3	11.15	4.44	3	AIS	RCP 4.5	0	-17	-34	-47	-49	-35	-6	43	110	193	283	380	488	599	721	859	996	1156	1333	1511	1683	1841	1992	2146	2293	2412	2517	2617	2712	2800	2888
0.1	100	3	11.15	4.44	3	WAIS	RCP 4.5	0	-13	-26	-39	-50	-58	-61	-55	-40	-17	9	45	93	144	204	276	346	437	547	659	764	856	943	1038	1128	1194	1249	1298	1345	1387	1427
0.1	100	3	11.15	4.44	3	EAIS	RCP 4.5	0	-4	-8	-8	1	23	55	98	150	210	274	335	395	455	517	583	650	719	786	852	919	985	1049	1108	1165	1218	1268	1319	1367	1413	1461
0.1	100	3	11.15	4.44	3	AIS	RCP 2.6	0	-17	-33	-46	-50	-42	-33	-25	-19	-16	-9	-1	8	19	30	39	47	53	59	65	69	71	75	78	78	79	81	81	82	82	82
0.1	100	3	11.15	4.44	3	WAIS	RCP 2.6	0	-13	-25	-38	-50	-60	-71	-81	-91	-102	-111	-120	-129	-138	-147	-155	-164	-172	-179	-186	-194	-202	-209	-215	-224	-231	-237	-244	-250	-256	-261
0.1	100	3	11.15	4.44	3	EAIS	RCP 2.6	0	-4	-8	-8	0	18	38	56	72	86	102	119	137	157	177	194	211	225	238	251	263	273	284	293	302	310	318	325	332	338	343
0.1	100	3	11.15	4.44	3	AIS	RCP 8.5 (BC)	0	-17	-33	-45	-42	-13	60	171	328	520	740	1014	1393	1895	2468	3050	3594	4123	4648	5151	5662	6182	6626	7005	7360	7694	8014	8322	8620	8915	9189
0.1	100	3	11.15	4.44	3	WAIS	RCP 8.5 (BC)	0	-13	-25	-38	-48	-49	-31	13	86	183	297	449	691	1036	1426	1806	2124	2416	2705	2970	3234	3502	3697	3831	3947	4048	4137	4218	4291	4361	4413
0.1	100	3	11.15	4.44	3	EAIS	RCP 8.5 (BC)	0	-4	-8	-7	6	36	91	158	242	337	443	565	702	859	1042	1244	1470	1707	1943	2181	2428	2680	2929	3174	3413	3646	3877	4104	4329	4554	4776
0.1	100	3	11.15	4.44	3	AIS	RCP 4.5 (BC)	0	-17	-34	-46	-49	-34	-5	44	111	194	283	378	484	596	717	851	988	1143	1325	1503	1673	1830	1979	2134	2284	2405	2509	2612	2709	2798	2884
0.1	100	3	11.15	4.44	3	WAIS	RCP 4.5 (BC)	0	-13	-26	-38	-49	-57	-60	-54	-39	-16	9	45	92	144	203	273	344	432	547	659	761	853	939	1034	1127	1195	1249	1301	1350	1392	1432
0.1	100	3	11.15	4.44	3	EAIS	RCP 4.5 (BC)	0	-4	-8	-8	0	23	55	98	150	210	274	333	392	452	514	578	644	711	778	844	912	977	1040	1100	1157	1210	1260	1311	1359	1406	1452
0.1	100	3	11.15	4.44	3	AIS	RCP 2.6 (BC)	0	-17	-33	-46	-49	-41	-30	-23	-17	-13	-6	3	13	25	36	45	52	57	63	70	74	77	82	84	86	87	88	89	89	90	89
0.1	100	3	11.15	4.44	3	WAIS	RCP 2.6 (BC)	0	-13	-25	-38	-50	-60	-70	-81	-91	-101	-110	-119	-128	-137	-146	-154	-162	-171	-178	-184	-191	-198	-204	-211	-218	-225	-232	-238	-244	-249	-255
0.1	100	3	11.15	4.44	3	EAIS	RCP 2.6 (BC)	0	-4	-8	-8	1	19	40	58	74	88	104	122	141	162	182	199	214	228	241	254	265	275	286	295	304	312	320	327	333	339	344
0.1	100	5	11.31	4.72	4	AIS	RCP 8.5	0	-15	-27	-29	-2	60	181	373	640	951	1289	1691	2241	2854	3499	4182	4792	5395	5993	6607	7206	7718	8203	8660	9086	9480	9855	10213	10560	10904	11242
0.1	100	5	11.31	4.72	4	WAIS	RCP 8.5	0	-13	-25	-38	-47	-43	-13	59	174	323	490	716	1066	1455	1848	2243	2570	2880	3175	3468	3727	3897	4045	4167	4271	4348	4409	4464	4513	4559	4600
0.1	100	5	11.31	4.72	4	EAIS	RCP 8.5	0	-2	-2	9	45	103	194	314	466	628	799	975	1175	1399	1651	1939	2222	2515	2818	3139	3479	3821	4158	4493	4815	5132	5446	5749	6047	6345	6642
0.1	100	5	11.31	4.72	4	AIS	RCP 4.5	0	-15	-27	-30	-10	30	92	189	322	475	634	808	1021	1266	1532	1783	2019	2242	2459	2640	2805	2960	3110	3256	3400	3542	3678	3815	3955	4086	4216
0.1	100	5	11.31	4.72	4	WAIS	RCP 4.5	0	-13	-25	-38	-48	-54	-52	-37	-8	34	93	171	281	413	564	708	845	974	1099	1189	1264	1332	1395	1459	1521	1585	1649	1717	1792	1859	1924
0.1	100	5	11.31	4.72	4	EAIS	RCP 4.5	0	-2	-2	8	38	84	144	226	330	441	541	637	740	853	968	1075	1174	1268	1360	1451	1541	1628	1715	1797	1879	1957	2029	2098	2163	2227	2292
0.1	100	5	11.31	4.72	4	AIS	RCP 2.6	0	-15	-27	-29	-14	16	44	71	105	143	179	211	238	260	278	293	305	314	323	329	334	339	341	343	341	338	336	335	333	332	330
0.1	100	5	11.31	4.72	4	WAIS	RCP 2.6	0	-13	-25	-37	-49	-58	-68	-76	-82	-88	-90	-93	-99	-106	-113	-120	-128	-137	-144	-152	-160	-167	-174	-181	-189	-197	-204	-210	-217	-223	-230
0.1	100	5	11.31	4.72	4	EAIS	RCP 2.6	0	-2	-2	8	35	74	112	147	187	231	269	304	337	366	391	413	433	451	467	481	494	506	515	524	530	535	540	545	550	555	560
0.1	100	5	11.31	4.72	4	AIS	RCP 8.5 (BC)	0	-14	-27	-27	2	63	187	381	644	948	1282	1683	2236	2851	3500	4181	4794	5400	6001	6613	7209	7722	8207	8666	9090	9484	9858	10217	10565	10911	11248
0.1	100	5	11.31	4.72	4	WAIS	RCP 8.5 (BC)	0	-12	-25	-37	-45	-42	-11	63	175	319	483	707	1062	1451	1848	2242	2570	2882	3180	3472	3729	3899	4046	4169	4271	4348	4408	4463	4513	4559	4600
0.1	100	5	11.31	4.72	4	EAIS	RCP 8.5 (BC)	0	-2	-2	10	47	105	198	318	469	629	799	976	1174	1400	1652	1939	2224	2518	2821	3141	3480	3823	4161	4497	4819	5136	5450	5754	6052	6352	6648
0.1	100	5	11.31	4.72	4	AIS	RCP 4.5 (BC)	0	-14	-26	-30	-11	30	91	188	320	469	623	791	999	1240	1504	1756	1992	2211	2429	2621	2791	2950	3102	3248	3394	3534	3671	3810	3958	4099	4235
0.1	100	5	11.31	4.72	4	WAIS	RCP 4.5 (BC)	0	-12	-24	-37	-48	-53	-52	-36	-9	30	84	157	260	389	537	682	819	944	1070	1169	1249	1321	1387	1450	1513	1576	1642	1711	1792	1866	1935
0.1	100	5	11.31	4.72	4	EAIS	RCP 4.5 (BC)	0	-2	-2	7	37	83	143	224	329	439	539	634	739	851	967	1074	1173	1267	1359	1452	1542	1629	1715	1798	1881	1958	2029	2099	2166	2233	2300
0.1	100	5	11.31	4.72	4	AIS	RCP 2.6 (BC)	0	-15	-28	-29	-12	17	45	73	108	147	184	216	244	267	286	302	314	324	332	340	347	350	353	352	351	350	349	346	346	344	343
0.1	100	5	11.31	4.72	4	WAIS	RCP 2.6 (BC)	0	-13	-26	-37	-49	-58	-68	-76	-82	-87	-90	-93	-98	-104	-111	-119	-126	-134	-141	-148	-154	-161	-167	-175	-182	-188	-195	-203	-208	-214	-220
0.1	100	5	11.31	4.72	4	EAIS	RCP 2.6 (BC)	0	-2	-2	8	37	75	113	149	190	234	274	309	342	371	397	421	440	458	473	488	501	511	520	527	533	538	544	549	554	558	563
0.1	150	1	8.66	3.68	5	AIS	RCP 8.5	0	-21	-42	-64	-81	-88	-73	-33	25	103	205	348	598	950	1377	1866	2403	2912	3376	3851	4338	4809	5257	5646	5971	6264	6528	6781	7019	7250	7471
0.1	150	1	8.66	3.68	5	WAIS	RCP 8.5	0	-13	-26	-40	-52	-60	-56	-36	-2	46	106	199	376	631	939	1285	1664	2002	2283	2542	2821	3087	3334	3526	3659	3769	3855	3931	3999	4061	4119
0.1	150	1	8.66	3.68	5	EAIS	RCP 8.5	0	-8	-16	-24	-29	-28	-17	3	27	57	99	149	222	319	438	581	739	910	1093	1309	1517	1722	1923	2120	2312	2495	2673	2850	3020	3189	3352
0.1	150	1	8.66	3.68	5	AIS	RCP 4.5	0	-21	-42	-64	-83	-97	-102	-96	-81	-58	-34	-10	16	43	70	97	129	162	197	233	266	300	336	372	410	452	496	546	599	651	709
0.1	150	1	8.66	3.68	5	WAIS	RCP 4.5	0	-13	-26	-40	-53	-64	-71	-72	-70	-64	-56	-47	-36	-25	-13	-1	13	29	47	63	79	96	115	135	157	184	213	247	284	321	364
0.1	150	1	8.66	3.68	5	EAIS	RCP 4.5	0	-8	-16	-24	-30	-33	-31	-24	-11	6	22	37	52	68	83	98	116	133	150	170	187	204	221	237	253	268	283	299	315	330	345
0.1	150	1	8.66	3.68	5	AIS	RCP 2.6	0	-21	-43	-63	-84	-99	-113	-125	-137	-148	-159	-169	-180	-192	-204	-215	-226	-238	-249	-259	-270	-282	-293	-304	-316	-327	-338	-349	-359	-369	-380
0.1	150	1	8.66	3.68	5	WAIS	RCP 2.6	0	-13	-26	-39	-53	-65	-76	-86	-97	-107	-117	-126	-135	-145	-155	-164	-172	-181	-188	-196	-203	-211	-218	-225	-233	-240	-247	-254	-261	-267	-274
0.1	150	1	8.66	3.68	5	EAIS	RCP 2.6	0	-8	-17	-24	-31	-34	-37	-39	-40	-41	-42	-43	-45	-47	-49	-51	-54	-57	-61	-63	-67	-71	-75	-79	-83	-87	-91	-95	-98	-102	-106
0.1	150	1	8.66	3.68	5	AIS	RCP 8.5 (BC)	0	-20	-42	-63	-80	-86	-70	-31	30	109	213	358	608	961	1388	1877	2418	2926	3389	3865	4359	4838	5281	5665	5992	6284	6550	6803	7041	7272	7493
0.1	150	1	8.66	3.68	5	WAIS	RCP 8.5 (BC)	0	-13	-26	-40	-52	-59	-54	-34	1	50	111	205	384	639	947	1293	1676	2012	2290	2548	2832	3106	3347	3535	3667	3776	3862	3938	4005	4067	4125
0.1	150	1	8.66	3.68	5	EAIS	RCP 8.5 (BC)	0	-7	-16	-23	-28	-27	-16	3	29	59	102	153	224	322	441	584	742	914	1099	1317	1527	1732	1934	2130	2325	2508	2688	2865	3036	3205	3368
0.1	150	1	8.66	3.68	5	AIS	RCP 4.5 (BC)	0	-21	-43	-63	-83	-96	-102	-95	-79	-57	-34	-9	18	45	73	101	132	166	201	238	273	308	346	384	426	469	519	571	623	680	740
0.1	150	1	8.66	3.68	5	WAIS	RCP 4.5 (BC)	0	-13	-26	-39	-52	-63	-70	-71	-68	-62	-55	-45	-34	-22	-10	3	16	32	50	67	84	102	123	145	171	199	233	270	306	348	393
0.1	150	1	8.66	3.68	5	EAIS	RCP 4.5 (BC)	0	-8	-17	-24	-31	-33	-32	-24	-11	5	21	36	52	67	83	98	116	134	151	171	189	206	223	239	255	270	286	301	317	332	347
0.1	150	1	8.66	3.68	5	AIS	RCP 2.6 (BC)	0	-20	-41	-63	-82	-98	-111	-123	-135	-146	-157	-167	-178	-188	-199	-211	-221	-233	-243	-253	-265	-275	-285	-295	-306	-317	-326	-337	-347	-357	-366
0.1	150	1	8.66	3.68	5	WAIS	RCP 2.6 (BC)	0	-12	-25	-39	-52	-64	-75	-85	-95	-106	-116	-125	-134	-143	-152	-161	-169	-177	-184	-191	-198	-205	-211	-218	-225	-232	-238	-245	-251	-257	-262
0.1	150	1	8.66	3.68	5	EAIS	RCP 2.6 (BC)	0	-8	-16	-24	-30	-34	-36	-38	-40	-40	-41	-42	-44	-45	-47	-50	-52	-56	-59	-62	-67	-70	-74	-77	-81	-85	-88	-92	-96	-100	-104
0.1	150	3	11.24	4.75	6	AIS	RCP 8.5	0	-16	-31	-41	-34	-2	72	187	345	545	768	1045	1433	1938	2504	3083	3627	4149	4671	5175	5686	6204	6648	7029	7381	7716	8038	8344	8645	8938	9212
0.1	150	3	11.24	4.75	6	WAIS	RCP 8.5	0	-12	-25	-37	-47	-48	-30	17	91	191	304	459	709	1055	1439	1815	2131	2420	2707	2973	3237	3503	3699	3835	3950	4052	4141	4221	4297	4364	4416
0.1	150	3	11.24	4.75	6	EAIS	RCP 8.5	0	-4	-6	-4	13	46	102	170	254	354	464	586	724	883	1065	1268	1496	1729	1964	2202	2449	2701	2949	3194	3431	3664	3897	4123	4348	4574	4796
0.1	150	3	11.24	4.75	6	AIS	RCP 4.5	0	-17	-32	-42	-41	-23	9	61	133	219	311	413	525	639	772	915	1062	1236	1418	1599	1772	1931	2087	2253	2388	2502	2613	2716	2813	2909	3001
0.1	150	3	11.24	4.75	6	WAIS	RCP 4.5	0	-13	-25	-38	-49	-56	-58	-51	-34	-10	17	58	109	161	228	301	378	482	597	708	811	903	996	1102	1180	1240	1297	1348	1394	1437	1477
0.1	150	3	11.24	4.75	6	EAIS	RCP 4.5	0	-4	-7	-4	8	33	67	112	167	229	294	355	416	478	544	614	684	754	821	891	961	1028	1091	1151	1208	1262	1316	1368	1419	1472	1524
0.1	150	3	11.24	4.75	6	AIS	RCP 2.6	0	-16	-31	-41	-42	-32	-19	-8	1	11	23	38	53	69	83	95	105	114	121	127	131	135	138	140	141	141	142	141	140	139	137
0.1	150	3	11.24	4.75	6	WAIS	RCP 2.6	0	-12	-25	-37	-49	-60	-69	-78	-87	-95	-102	-108	-114	-120	-126	-132	-139	-146	-153	-160	-168	-175	-183	-190	-197	-205	-212	-220	-226	-232	-239
0.1	150	3	11.24	4.75	6	EAIS	RCP 2.6	0	-4	-6	-4	7	28	50	70	88	106	125	146	167	189	209	227	244	260	274	287	299	310	321	330	338	346	354	361	366	371	376
0.1	150	3	11.24	4.75	6	AIS	RCP 8.5 (BC)	0	-16	-30	-40	-34	-2	73	189	348	546	770	1046	1432	1932	2501	3078	3621	4150	4673	5174	5679	6198	6645	7023	7378	7712	8033	8340	8640	8934	9208
0.1	150	3	11.24	4.75	6	WAIS	RCP 8.5 (BC)	0	-12	-24	-37	-46	-47	-28	19	94	195	308	462	710	1052	1440	1816	2132	2427	2714	2977	3236	3502	3700	3834	3951	4052	4141	4221	4295	4364	4416
0.1	150	3	11.24	4.75	6	EAIS	RCP 8.5 (BC)	0	-4	-6	-3	12	45	101	170	254	351	462	584	722	880	1061	1262	1489	1723	1959	2197	2443	2696	2945	3189	3427	3660	3892	4119	4345	4570	4792
0.1	150	3	11.24	4.75	6	AIS	RCP 4.5 (BC)	0	-17	-32	-41	-40	-22	10	63	133	219	312	416	527	645	780	923	1071	1244	1425	1606	1780	1937	2095	2259	2392	2506	2618	2723	2823	2925	3022
0.1	150	3	11.24	4.75	6	WAIS	RCP 4.5 (BC)	0	-13	-25	-37	-48	-55	-57	-50	-33	-9	18	60	111	166	235	308	386	490	605	717	821	912	1007	1111	1187	1248	1306	1359	1408	1456	1501
0.1	150	3	11.24	4.75	6	EAIS	RCP 4.5 (BC)	0	-4	-7	-4	8	33	67	113	166	228	294	356	416	479	545	615	685	754	820	889	959	1025	1088	1148	1205	1258	1312	1364	1415	1469	1521
0.1	150	3	11.24	4.75	6	AIS	RCP 2.6 (BC)	0	-17	-32	-42	-43	-32	-19	-9	1	11	24	38	54	70	85	96	107	116	123	128	133	137	141	144	145	146	147	148	148	148	146
0.1	150	3	11.24	4.75	6	WAIS	RCP 2.6 (BC)	0	-13	-26	-38	-50	-60	-69	-79	-87	-95	-101	-107	-112	-118	-123	-129	-135	-142	-149	-156	-163	-170	-177	-184	-191	-199	-205	-211	-217	-222	-228
0.1	150	3	11.24	4.75	6	EAIS	RCP 2.6 (BC)	0	-4	-6	-4	7	28	50	70	88	106	125	145	166	188	208	225	242	258	272	284	296	307	318	328	336	345	352	359	365	370	374
0.1	150	5	11.57	4.92	7	AIS	RCP 8.5	0	-14	-22	-19	13	78	208	410	683	996	1338	1758	2311	2922	3566	4236	4846	5447	6042	6652	7249	7760	8242	8700	9119	9509	9884	10244	10591	10935	11272
0.1	150	5	11.57	4.92	7	WAIS	RCP 8.5	0	-13	-25	-37	-45	-42	-9	69	189	338	509	751	1107	1495	1886	2269	2594	2901	3194	3482	3739	3908	4053	4176	4275	4351	4412	4467	4516	4562	4602
0.1	150	5	11.57	4.92	7	EAIS	RCP 8.5	0	-1	3	18	58	120	217	341	494	658	829	1007	1204	1427	1680	1967	2252	2546	2848	3170	3510	3852	4189	4524	4844	5158	5472	5777	6075	6373	6670
0.1	150	5	11.57	4.92	7	AIS	RCP 4.5	0	-13	-24	-23	1	45	112	215	355	510	672	855	1084	1339	1607	1868	2104	2325	2548	2735	2903	3056	3207	3360	3509	3652	3794	3940	4074	4208	4345
0.1	150	5	11.57	4.92	7	WAIS	RCP 4.5	0	-13	-26	-38	-48	-53	-50	-34	-4	41	103	187	302	440	592	743	879	1003	1125	1216	1294	1360	1424	1489	1555	1621	1691	1769	1836	1903	1970
0.1	150	5	11.57	4.92	7	EAIS	RCP 4.5	0	0	2	15	49	98	162	249	359	469	569	668	782	899	1015	1125	1225	1322	1423	1519	1609	1696	1783	1871	1954	2031	2103	2171	2238	2305	2375
0.1	150	5	11.57	4.92	7	AIS	RCP 2.6	0	-14	-24	-22	-1	31	63	95	132	173	210	244	275	298	316	331	346	356	364	373	379	382	387	388	387	385	383	381	380	379	377
0.1	150	5	11.57	4.92	7	WAIS	RCP 2.6	0	-13	-25	-37	-49	-58	-67	-73	-79	-83	-86	-89	-94	-100	-107	-115	-122	-131	-139	-146	-153	-161	-167	-174	-182	-190	-197	-204	-210	-217	-224
0.1	150	5	11.57	4.92	7	EAIS	RCP 2.6	0	-1	1	15	48	89	130	168	211	256	296	333	369	398	423	446	468	487	503	519	532	543	554	562	569	575	580	585	590	596	601
0.1	150	5	11.57	4.92	7	AIS	RCP 8.5 (BC)	0	-14	-23	-19	12	79	212	412	687	1004	1343	1756	2307	2913	3553	4221	4831	5428	6024	6635	7236	7749	8234	8692	9111	9501	9878	10238	10584	10927	11263
0.1	150	5	11.57	4.92	7	WAIS	RCP 8.5 (BC)	0	-13	-25	-37	-45	-41	-7	70	193	346	514	749	1102	1484	1874	2258	2582	2886	3179	3467	3728	3899	4047	4171	4271	4348	4409	4464	4513	4559	4599
0.1	150	5	11.57	4.92	7	EAIS	RCP 8.5 (BC)	0	-1	2	18	57	120	219	342	494	658	829	1007	1205	1429	1679	1963	2249	2542	2845	3168	3508	3850	4187	4521	4840	5153	5469	5774	6071	6368	6664
0.1	150	5	11.57	4.92	7	AIS	RCP 4.5 (BC)	0	-13	-23	-22	1	46	114	219	359	518	681	872	1104	1368	1640	1898	2133	2357	2570	2751	2911	3064	3215	3367	3516	3669	3818	3969	4112	4254	4397
0.1	150	5	11.57	4.92	7	WAIS	RCP 4.5 (BC)	0	-13	-25	-37	-48	-52	-49	-31	-1	47	111	200	317	466	622	770	905	1031	1148	1233	1306	1373	1437	1502	1569	1644	1721	1804	1879	1952	2025
0.1	150	5	11.57	4.92	7	EAIS	RCP 4.5 (BC)	0	0	2	15	49	98	163	250	360	471	570	672	787	902	1018	1128	1228	1326	1422	1518	1605	1691	1778	1865	1947	2025	2097	2165	2233	2302	2372
0.1	150	5	11.57	4.92	7	AIS	RCP 2.6 (BC)	0	-13	-23	-20	2	34	67	98	137	177	215	249	279	303	321	336	351	362	372	381	387	390	393	396	395	392	391	389	388	388	387
0.1	150	5	11.57	4.92	7	WAIS	RCP 2.6 (BC)	0	-13	-25	-37	-48	-57	-66	-73	-79	-84	-85	-88	-93	-99	-106	-114	-121	-129	-136	-142	-149	-156	-163	-169	-177	-185	-191	-198	-204	-210	-216
0.1	150	5	11.57	4.92	7	EAIS	RCP 2.6 (BC)	0	0	2	17	50	91	133	171	216	261	300	337	372	402	427	450	472	491	508	523	536	546	556	565	572	577	582	587	592	598	603
1.0	50	1	8.53	4.68	8	AIS	RCP 8.5	0	-20	-40	-62	-82	-91	-78	-43	14	92	190	330	565	916	1345	1834	2376	2884	3349	3826	4318	4792	5238	5627	5956	6249	6515	6769	7010	7241	7466
1.0	50	1	8.53	4.68	8	WAIS	RCP 8.5	0	-12	-24	-37	-49	-57	-53	-36	-4	43	102	193	362	616	926	1272	1655	1992	2274	2539	2819	3085	3330	3522	3657	3766	3852	3929	3997	4060	4118
1.0	50	1	8.53	4.68	8	EAIS	RCP 8.5	0	-8	-16	-25	-33	-34	-25	-7	18	49	88	137	203	300	419	562	721	892	1075	1287	1499	1707	1908	2105	2299	2483	2663	2840	3013	3181	3348
1.0	50	1	8.53	4.68	8	AIS	RCP 4.5	0	-18	-40	-60	-79	-94	-100	-96	-82	-62	-38	-15	9	35	60	86	113	143	172	203	235	266	299	331	367	404	443	483	527	577	630
1.0	50	1	8.53	4.68	8	WAIS	RCP 4.5	0	-11	-24	-36	-47	-57	-63	-65	-62	-57	-49	-40	-29	-17	-6	6	18	30	42	56	69	82	98	115	135	157	180	205	234	268	306
1.0	50	1	8.53	4.68	8	EAIS	RCP 4.5	0	-7	-16	-24	-32	-37	-37	-31	-20	-5	11	25	38	52	66	80	95	113	130	147	166	184	201	216	232	247	263	278	293	309	324
1.0	50	1	8.53	4.68	8	AIS	RCP 2.6	0	-20	-40	-61	-82	-99	-114	-128	-141	-154	-166	-177	-189	-199	-208	-219	-229	-239	-249	-258	-268	-276	-285	-294	-303	-312	-321	-328	-338	-345	-353
1.0	50	1	8.53	4.68	8	WAIS	RCP 2.6	0	-12	-24	-36	-49	-60	-70	-80	-90	-99	-108	-116	-124	-131	-137	-145	-151	-158	-164	-169	-175	-180	-185	-190	-195	-200	-205	-209	-214	-217	-221
1.0	50	1	8.53	4.68	8	EAIS	RCP 2.6	0	-8	-16	-25	-33	-39	-44	-48	-51	-55	-58	-61	-65	-68	-71	-74	-78	-81	-85	-89	-93	-96	-100	-104	-108	-112	-116	-119	-124	-128	-132
1.0	50	1	8.53	4.68	8	AIS	RCP 8.5 (BC)	0	-17	-34	-53	-70	-76	-58	-17	43	125	230	371	621	985	1414	1911	2452	2936	3390	3872	4356	4824	5262	5642	5965	6251	6513	6766	7007	7239	7462
1.0	50	1	8.53	4.68	8	WAIS	RCP 8.5 (BC)	0	-9	-18	-28	-37	-42	-33	-10	25	76	142	234	417	685	994	1348	1730	2043	2315	2583	2853	3114	3351	3534	3664	3768	3852	3927	3995	4056	4113
1.0	50	1	8.53	4.68	8	EAIS	RCP 8.5 (BC)	0	-8	-16	-25	-33	-34	-25	-7	18	49	88	137	204	300	420	563	722	893	1075	1289	1503	1710	1911	2108	2301	2483	2661	2839	3012	3183	3349
1.0	50	1	8.53	4.68	8	AIS	RCP 4.5 (BC)	0	-16	-33	-51	-68	-80	-83	-76	-58	-31	-1	29	62	96	129	163	199	240	285	330	381	436	491	551	619	684	746	815	900	982	1055
1.0	50	1	8.53	4.68	8	WAIS	RCP 4.5 (BC)	0	-8	-17	-27	-36	-43	-46	-44	-37	-26	-12	4	24	44	63	83	104	128	156	184	216	253	292	336	388	438	485	538	608	674	732
1.0	50	1	8.53	4.68	8	EAIS	RCP 4.5 (BC)	0	-8	-16	-24	-32	-37	-37	-32	-21	-5	11	25	38	52	66	80	95	112	129	146	165	183	199	215	231	246	261	277	292	308	323
1.0	50	1	8.53	4.68	8	AIS	RCP 2.6 (BC)	0	-16	-33	-52	-69	-84	-97	-108	-118	-128	-135	-144	-152	-158	-164	-170	-177	-184	-190	-195	-201	-207	-212	-218	-223	-229	-234	-240	-245	-251	-256
1.0	50	1	8.53	4.68	8	WAIS	RCP 2.6 (BC)	0	-8	-17	-27	-37	-45	-53	-60	-66	-73	-77	-82	-86	-89	-92	-95	-98	-101	-103	-104	-106	-108	-109	-111	-112	-114	-115	-117	-118	-119	-120
1.0	50	1	8.53	4.68	8	EAIS	RCP 2.6 (BC)	0	-8	-16	-25	-32	-39	-44	-48	-52	-55	-58	-62	-66	-69	-72	-75	-79	-83	-87	-91	-95	-99	-103	-107	-111	-115	-119	-123	-127	-132	-136
1.0	50	3	10.93	5.73	9	AIS	RCP 8.5	0	-17	-33	-46	-51	-28	40	146	295	476	692	958	1333	1820	2399	2981	3526	4066	4593	5096	5605	6125	6575	6957	7314	7651	7972	8281	8581	8876	9154
1.0	50	3	10.93	5.73	9	WAIS	RCP 8.5	0	-12	-24	-35	-46	-48	-31	8	77	170	285	433	671	1001	1400	1783	2107	2404	2693	2955	3217	3485	3687	3823	3940	4042	4131	4212	4286	4356	4409
1.0	50	3	10.93	5.73	9	EAIS	RCP 8.5	0	-5	-9	-11	-5	20	71	138	218	306	407	525	662	819	999	1198	1419	1662	1900	2141	2388	2640	2888	3134	3374	3609	3841	4069	4295	4520	4745
1.0	50	3	10.93	5.73	9	AIS	RCP 4.5	0	-15	-32	-44	-52	-44	-17	29	94	168	246	333	427	532	648	777	908	1049	1219	1387	1547	1708	1858	2003	2150	2288	2402	2510	2609	2700	2788
1.0	50	3	10.93	5.73	9	WAIS	RCP 4.5	0	-11	-23	-33	-44	-52	-54	-49	-34	-14	11	43	82	131	188	257	329	409	516	619	717	816	906	993	1086	1172	1238	1299	1354	1403	1450
1.0	50	3	10.93	5.73	9	EAIS	RCP 4.5	0	-4	-9	-11	-8	8	37	78	128	182	235	290	345	401	460	520	579	640	703	768	830	892	952	1010	1064	1116	1164	1211	1255	1297	1338
1.0	50	3	10.93	5.73	9	AIS	RCP 2.6	0	-15	-31	-45	-54	-55	-49	-44	-39	-35	-31	-27	-21	-12	0	10	18	23	29	33	36	40	44	47	52	55	59	62	65	66	68
1.0	50	3	10.93	5.73	9	WAIS	RCP 2.6	0	-11	-23	-34	-45	-55	-64	-74	-83	-92	-100	-108	-116	-122	-128	-135	-141	-148	-153	-158	-164	-169	-174	-179	-183	-188	-192	-196	-199	-203	-207
1.0	50	3	10.93	5.73	9	EAIS	RCP 2.6	0	-4	-8	-11	-9	0	15	30	44	57	69	81	95	110	128	145	159	171	182	191	200	209	218	226	235	243	251	258	264	269	275
1.0	50	3	10.93	5.73	9	AIS	RCP 8.5 (BC)	0	-14	-27	-37	-38	-10	68	187	350	548	769	1038	1418	1922	2473	3046	3584	4125	4631	5133	5644	6156	6593	6968	7322	7657	7976	8282	8582	8875	9150
1.0	50	3	10.93	5.73	9	WAIS	RCP 8.5 (BC)	0	-9	-18	-26	-33	-31	-4	48	132	242	361	513	757	1104	1472	1846	2163	2463	2730	2992	3255	3515	3703	3833	3947	4046	4133	4212	4285	4352	4403
1.0	50	3	10.93	5.73	9	EAIS	RCP 8.5 (BC)	0	-5	-9	-11	-5	21	72	139	218	306	408	525	661	818	1001	1200	1421	1662	1901	2141	2389	2641	2890	3135	3375	3611	3843	4070	4297	4523	4747
1.0	50	3	10.93	5.73	9	AIS	RCP 4.5 (BC)	0	-13	-25	-36	-40	-27	6	58	128	213	305	410	524	645	780	925	1080	1255	1426	1597	1758	1919	2077	2212	2339	2455	2559	2658	2751	2840	2923
1.0	50	3	10.93	5.73	9	WAIS	RCP 4.5 (BC)	0	-8	-16	-24	-31	-34	-31	-20	1	32	71	121	181	245	322	406	500	614	722	830	929	1028	1127	1205	1278	1342	1399	1451	1499	1546	1588
1.0	50	3	10.93	5.73	9	EAIS	RCP 4.5 (BC)	0	-5	-9	-12	-9	7	37	78	127	181	234	289	343	400	458	519	580	641	704	767	829	891	950	1007	1061	1113	1160	1207	1252	1294	1335
1.0	50	3	10.93	5.73	9	AIS	RCP 2.6 (BC)	0	-12	-24	-34	-41	-40	-30	-18	-8	3	11	21	31	44	61	78	92	104	115	125	133	141	150	158	166	173	180	185	191	195	199
1.0	50	3	10.93	5.73	9	WAIS	RCP 2.6 (BC)	0	-8	-16	-23	-32	-39	-44	-48	-51	-53	-56	-59	-62	-64	-65	-65	-65	-65	-65	-65	-66	-67	-68	-69	-70	-71	-72	-73	-73	-74	-76
1.0	50	3	10.93	5.73	9	EAIS	RCP 2.6 (BC)	0	-4	-8	-11	-9	-1	14	30	43	56	67	80	93	108	126	143	157	169	180	190	199	208	218	227	236	244	252	258	264	269	275
1.0	50	5	11.00	5.92	10	AIS	RCP 8.5	0	-15	-29	-36	-24	30	144	324	570	871	1199	1595	2133	2743	3387	4071	4684	5289	5889	6504	7102	7620	8105	8564	8999	9394	9774	10134	10484	10827	11168
1.0	50	5	11.00	5.92	10	WAIS	RCP 8.5	0	-12	-24	-34	-43	-42	-15	52	162	309	475	695	1041	1428	1818	2215	2544	2857	3154	3449	3711	3884	4032	4156	4260	4339	4400	4455	4505	4551	4593
1.0	50	5	11.00	5.92	10	EAIS	RCP 8.5	0	-3	-5	-2	19	72	159	272	408	562	724	900	1092	1315	1569	1856	2140	2432	2735	3055	3391	3736	4073	4408	4739	5055	5374	5679	5979	6276	6575
1.0	50	5	11.00	5.92	10	AIS	RCP 4.5	0	-14	-29	-37	-32	2	57	144	261	400	548	714	909	1128	1382	1624	1857	2074	2287	2473	2629	2772	2909	3042	3174	3308	3441	3570	3701	3837	3969
1.0	50	5	11.00	5.92	10	WAIS	RCP 4.5	0	-11	-23	-33	-44	-49	-48	-34	-8	30	82	154	257	376	525	665	799	924	1053	1162	1243	1311	1372	1432	1494	1555	1616	1676	1739	1811	1881
1.0	50	5	11.00	5.92	10	EAIS	RCP 4.5	0	-3	-6	-4	12	51	105	178	269	370	466	560	652	752	857	959	1058	1150	1234	1311	1386	1461	1537	1610	1680	1753	1825	1894	1962	2026	2088
1.0	50	5	11.00	5.92	10	AIS	RCP 2.6	0	-14	-29	-37	-33	-16	7	30	53	82	111	132	153	173	191	207	222	235	246	256	266	274	281	286	290	293	295	299	301	304	306
1.0	50	5	11.00	5.92	10	WAIS	RCP 2.6	0	-11	-23	-33	-44	-54	-63	-72	-81	-90	-98	-106	-113	-120	-127	-133	-139	-145	-152	-157	-162	-167	-171	-176	-181	-186	-190	-194	-197	-200	-203
1.0	50	5	11.00	5.92	10	EAIS	RCP 2.6	0	-3	-6	-4	11	38	70	102	134	172	209	238	266	293	318	340	361	380	398	413	428	441	452	462	471	479	485	493	498	504	509
1.0	50	5	11.00	5.92	10	AIS	RCP 8.5 (BC)	0	-12	-22	-26	-12	52	178	378	650	959	1299	1710	2237	2839	3477	4134	4735	5327	5927	6539	7118	7626	8108	8564	8997	9388	9767	10125	10474	10820	11158
1.0	50	5	11.00	5.92	10	WAIS	RCP 8.5 (BC)	0	-8	-16	-23	-30	-20	20	107	242	397	573	809	1144	1522	1905	2277	2593	2893	3189	3482	3724	3890	4035	4155	4257	4332	4392	4446	4495	4541	4581
1.0	50	5	11.00	5.92	10	EAIS	RCP 8.5 (BC)	0	-4	-6	-3	18	72	158	271	408	562	726	901	1093	1317	1572	1857	2142	2434	2738	3057	3394	3736	4073	4409	4740	5056	5375	5679	5979	6279	6577
1.0	50	5	11.00	5.92	10	AIS	RCP 4.5 (BC)	0	-10	-21	-26	-18	21	84	175	301	457	633	824	1040	1285	1548	1789	2018	2236	2417	2580	2735	2882	3023	3161	3295	3433	3571	3709	3846	3988	4119
1.0	50	5	11.00	5.92	10	WAIS	RCP 4.5 (BC)	0	-7	-15	-22	-29	-29	-20	-2	34	94	173	269	393	538	697	835	964	1089	1186	1272	1350	1420	1487	1552	1614	1677	1742	1809	1878	1954	2021
1.0	50	5	11.00	5.92	10	EAIS	RCP 4.5 (BC)	0	-3	-6	-4	11	50	104	177	267	363	460	555	647	747	851	954	1054	1147	1231	1308	1385	1462	1536	1609	1681	1756	1829	1900	1968	2034	2098
1.0	50	5	11.00	5.92	10	AIS	RCP 2.6 (BC)	0	-10	-21	-26	-21	-1	27	55	86	120	158	187	214	242	267	288	307	323	338	352	365	376	387	396	403	409	414	421	428	433	438
1.0	50	5	11.00	5.92	10	WAIS	RCP 2.6 (BC)	0	-7	-15	-22	-30	-37	-42	-44	-45	-47	-48	-50	-50	-49	-49	-50	-52	-54	-57	-58	-60	-61	-61	-62	-64	-66	-68	-69	-69	-70	-71
1.0	50	5	11.00	5.92	10	EAIS	RCP 2.6 (BC)	0	-3	-6	-4	9	36	69	99	131	167	206	237	264	291	316	338	359	377	395	410	425	437	448	458	467	475	482	490	497	503	509
1.0	100	1	8.83	5.02	11	AIS	RCP 8.5	0	-19	-39	-58	-75	-79	-61	-21	40	120	224	366	610	964	1396	1882	2424	2933	3396	3875	4373	4850	5289	5670	5996	6286	6552	6805	7046	7279	7501
1.0	100	1	8.83	5.02	11	WAIS	RCP 8.5	0	-12	-25	-37	-49	-55	-49	-30	5	53	117	210	385	641	952	1295	1678	2015	2294	2559	2845	3115	3353	3538	3671	3778	3864	3940	4008	4070	4127
1.0	100	1	8.83	5.02	11	EAIS	RCP 8.5	0	-7	-14	-21	-26	-24	-12	9	35	67	107	156	225	323	444	587	746	918	1102	1316	1528	1735	1936	2132	2325	2508	2688	2865	3038	3209	3374
1.0	100	1	8.83	5.02	11	AIS	RCP 4.5	0	-18	-38	-57	-74	-86	-88	-79	-60	-36	-12	14	41	69	96	127	162	198	237	278	316	357	401	444	492	543	599	655	718	785	853
1.0	100	1	8.83	5.02	11	WAIS	RCP 4.5	0	-11	-23	-35	-46	-56	-62	-63	-59	-52	-43	-30	-18	-5	7	22	38	55	75	95	115	138	164	191	222	256	295	334	380	430	481
1.0	100	1	8.83	5.02	11	EAIS	RCP 4.5	0	-7	-15	-22	-28	-30	-26	-16	-1	16	31	44	59	74	89	105	124	143	162	183	201	219	237	253	270	287	304	321	338	355	372
1.0	100	1	8.83	5.02	11	AIS	RCP 2.6	0	-19	-39	-58	-76	-91	-103	-113	-123	-132	-140	-150	-159	-165	-175	-185	-193	-202	-212	-220	-228	-235	-243	-249	-256	-263	-270	-278	-284	-291	-298
1.0	100	1	8.83	5.02	11	WAIS	RCP 2.6	0	-12	-24	-36	-48	-59	-69	-78	-87	-96	-104	-112	-120	-126	-133	-141	-147	-153	-159	-164	-169	-174	-179	-183	-188	-193	-197	-202	-205	-209	-213
1.0	100	1	8.83	5.02	11	EAIS	RCP 2.6	0	-7	-15	-22	-28	-32	-34	-35	-36	-36	-36	-38	-39	-39	-42	-44	-46	-49	-53	-56	-59	-61	-64	-66	-68	-70	-73	-76	-79	-82	-85
1.0	100	1	8.83	5.02	11	AIS	RCP 8.5 (BC)	0	-15	-32	-49	-63	-65	-42	4	69	157	265	411	674	1041	1468	1959	2493	2972	3421	3904	4381	4842	5282	5663	5984	6269	6534	6786	7026	7257	7479
1.0	100	1	8.83	5.02	11	WAIS	RCP 8.5 (BC)	0	-8	-17	-27	-36	-40	-29	-4	36	92	160	258	450	720	1026	1375	1751	2059	2324	2591	2860	3116	3355	3538	3668	3771	3856	3931	3997	4059	4116
1.0	100	1	8.83	5.02	11	EAIS	RCP 8.5 (BC)	0	-7	-15	-22	-27	-25	-13	8	33	65	105	153	224	321	442	584	742	913	1097	1313	1521	1726	1927	2125	2316	2498	2678	2855	3029	3198	3363
1.0	100	1	8.83	5.02	11	AIS	RCP 4.5 (BC)	0	-16	-33	-49	-64	-72	-72	-59	-35	-4	28	59	95	131	168	208	254	301	354	414	475	540	611	678	744	815	903	988	1063	1135	1206
1.0	100	1	8.83	5.02	11	WAIS	RCP 4.5 (BC)	0	-9	-18	-27	-36	-42	-45	-42	-33	-19	-3	14	36	57	79	103	131	160	194	233	275	322	375	425	474	528	599	667	725	780	835
1.0	100	1	8.83	5.02	11	EAIS	RCP 4.5 (BC)	0	-7	-15	-22	-28	-30	-27	-17	-2	15	31	45	59	74	89	105	123	141	160	181	200	218	236	253	270	287	304	321	338	355	371
1.0	100	1	8.83	5.02	11	AIS	RCP 2.6 (BC)	0	-15	-32	-48	-63	-75	-84	-91	-98	-103	-107	-112	-117	-121	-127	-132	-137	-142	-147	-151	-156	-161	-166	-169	-173	-176	-180	-184	-188	-191	-196
1.0	100	1	8.83	5.02	11	WAIS	RCP 2.6 (BC)	0	-8	-17	-26	-35	-43	-50	-56	-62	-67	-71	-75	-79	-82	-86	-89	-92	-95	-97	-99	-101	-104	-106	-107	-109	-110	-112	-113	-114	-114	-116
1.0	100	1	8.83	5.02	11	EAIS	RCP 2.6 (BC)	0	-7	-15	-22	-28	-32	-34	-35	-36	-36	-36	-37	-38	-39	-41	-43	-45	-47	-50	-52	-55	-57	-60	-62	-64	-66	-68	-71	-74	-77	-80
1.0	100	3	11.26	6.09	12	AIS	RCP 8.5	0	-15	-29	-39	-33	1	79	193	352	547	773	1052	1433	1936	2503	3079	3624	4157	4675	5177	5683	6210	6652	7030	7385	7719	8040	8348	8650	8942	9216
1.0	100	3	11.26	6.09	12	WAIS	RCP 8.5	0	-12	-23	-35	-44	-44	-25	22	97	199	315	473	717	1062	1445	1818	2135	2434	2716	2979	3239	3513	3706	3840	3955	4056	4144	4224	4299	4365	4416
1.0	100	3	11.26	6.09	12	EAIS	RCP 8.5	0	-3	-6	-4	11	45	104	171	255	348	458	579	716	874	1058	1261	1489	1723	1959	2198	2444	2697	2946	3190	3430	3663	3896	4124	4351	4577	4800
1.0	100	3	11.26	6.09	12	AIS	RCP 4.5	0	-15	-29	-38	-37	-19	17	72	147	232	321	423	533	652	785	924	1073	1250	1431	1609	1783	1945	2106	2274	2415	2536	2651	2759	2861	2957	3056
1.0	100	3	11.26	6.09	12	WAIS	RCP 4.5	0	-11	-22	-33	-43	-49	-50	-43	-25	1	30	72	122	179	249	322	402	511	625	736	842	937	1035	1143	1227	1294	1356	1413	1465	1514	1564
1.0	100	3	11.26	6.09	12	EAIS	RCP 4.5	0	-4	-7	-5	6	30	67	115	172	231	291	351	411	473	536	602	671	739	806	873	941	1008	1071	1131	1188	1242	1295	1346	1396	1443	1492
1.0	100	3	11.26	6.09	12	AIS	RCP 2.6	0	-14	-29	-37	-38	-28	-14	-2	8	17	29	43	58	74	88	100	110	118	127	136	144	152	160	166	172	178	182	186	191	195	197
1.0	100	3	11.26	6.09	12	WAIS	RCP 2.6	0	-11	-23	-33	-44	-53	-62	-71	-80	-89	-97	-105	-112	-118	-125	-131	-137	-144	-149	-154	-160	-165	-169	-174	-179	-183	-188	-192	-195	-198	-202
1.0	100	3	11.26	6.09	12	EAIS	RCP 2.6	0	-3	-6	-4	6	25	48	69	88	106	126	148	170	192	213	231	247	262	276	290	304	317	329	340	351	361	370	378	386	393	399
1.0	100	3	11.26	6.09	12	AIS	RCP 8.5 (BC)	0	-11	-22	-29	-19	23	113	244	421	628	861	1145	1537	2043	2590	3161	3687	4220	4723	5216	5719	6233	6665	7036	7388	7720	8040	8345	8648	8938	9210
1.0	100	3	11.26	6.09	12	WAIS	RCP 8.5 (BC)	0	-8	-16	-25	-30	-23	8	70	163	277	401	564	818	1166	1530	1898	2203	2497	2763	3017	3273	3534	3717	3844	3957	4055	4142	4220	4296	4359	4408
1.0	100	3	11.26	6.09	12	EAIS	RCP 8.5 (BC)	0	-3	-6	-4	11	46	105	174	258	351	460	581	719	877	1060	1263	1484	1723	1960	2199	2446	2699	2948	3192	3431	3665	3898	4125	4352	4579	4802
1.0	100	3	11.26	6.09	12	AIS	RCP 4.5 (BC)	0	-11	-23	-29	-24	-2	38	101	185	285	394	518	646	789	944	1110	1297	1477	1659	1837	2009	2172	2317	2447	2563	2672	2777	2878	2978	3073	3173
1.0	100	3	11.26	6.09	12	WAIS	RCP 4.5 (BC)	0	-7	-16	-24	-30	-32	-27	-13	15	55	105	169	236	318	408	506	625	737	852	963	1067	1163	1245	1314	1372	1427	1479	1529	1578	1625	1676
1.0	100	3	11.26	6.09	12	EAIS	RCP 4.5 (BC)	0	-4	-7	-5	6	30	65	114	170	230	289	349	410	471	536	604	672	740	807	874	942	1009	1072	1133	1191	1245	1298	1349	1400	1448	1497
1.0	100	3	11.26	6.09	12	AIS	RCP 2.6 (BC)	0	-11	-23	-28	-27	-13	5	23	39	54	69	88	108	130	151	169	186	202	216	231	243	255	266	276	285	294	301	309	316	321	327
1.0	100	3	11.26	6.09	12	WAIS	RCP 2.6 (BC)	0	-8	-17	-24	-33	-38	-42	-45	-48	-51	-55	-58	-60	-61	-61	-61	-61	-61	-61	-61	-63	-64	-65	-66	-68	-69	-71	-72	-73	-74	-75
1.0	100	3	11.26	6.09	12	EAIS	RCP 2.6 (BC)	0	-3	-6	-4	6	25	47	68	87	105	124	146	168	191	212	230	247	263	277	292	306	319	331	342	353	363	372	381	389	395	402
1.0	100	5	11.47	6.22	13	AIS	RCP 8.5	0	-14	-24	-23	7	73	204	403	672	985	1325	1740	2296	2903	3547	4217	4826	5424	6021	6634	7229	7739	8222	8682	9102	9495	9868	10228	10576	10919	11257
1.0	100	5	11.47	6.22	13	WAIS	RCP 8.5	0	-12	-23	-34	-41	-37	-3	76	197	350	519	758	1116	1498	1889	2269	2592	2898	3191	3482	3736	3904	4050	4173	4272	4348	4408	4463	4512	4557	4597
1.0	100	5	11.47	6.22	13	EAIS	RCP 8.5	0	-2	-1	11	48	110	207	327	475	635	806	982	1180	1405	1658	1948	2234	2526	2830	3152	3493	3835	4172	4509	4830	5147	5460	5765	6064	6362	6660
1.0	100	5	11.47	6.22	13	AIS	RCP 4.5	0	-13	-23	-22	0	45	114	220	356	509	674	859	1082	1345	1616	1874	2113	2344	2571	2762	2935	3103	3263	3420	3575	3726	3872	4019	4166	4305	4447
1.0	100	5	11.47	6.22	13	WAIS	RCP 4.5	0	-11	-22	-33	-42	-46	-42	-24	8	55	121	209	324	470	624	771	906	1038	1168	1261	1342	1417	1490	1560	1630	1702	1775	1850	1930	2003	2075
1.0	100	5	11.47	6.22	13	EAIS	RCP 4.5	0	-2	-1	11	42	91	156	244	348	454	553	650	758	875	992	1103	1207	1306	1403	1501	1593	1686	1773	1860	1945	2024	2097	2169	2236	2302	2372
1.0	100	5	11.47	6.22	13	AIS	RCP 2.6	0	-13	-23	-21	-2	29	62	97	138	180	219	254	283	310	332	350	364	377	389	401	411	419	426	431	435	438	441	445	448	453	456
1.0	100	5	11.47	6.22	13	WAIS	RCP 2.6	0	-11	-22	-33	-43	-52	-61	-67	-73	-77	-78	-79	-83	-86	-90	-96	-102	-108	-113	-118	-123	-128	-132	-137	-141	-146	-151	-155	-158	-161	-165
1.0	100	5	11.47	6.22	13	EAIS	RCP 2.6	0	-2	-1	12	41	81	123	164	211	257	297	333	366	396	422	446	466	485	502	519	534	547	558	568	576	584	592	600	606	614	621
1.0	100	5	11.47	6.22	13	AIS	RCP 8.5 (BC)	0	-9	-16	-11	22	99	242	469	767	1094	1446	1871	2413	3007	3646	4289	4883	5474	6070	6680	7249	7755	8233	8687	9103	9494	9866	10223	10571	10915	11251
1.0	100	5	11.47	6.22	13	WAIS	RCP 8.5 (BC)	0	-7	-15	-23	-26	-12	36	141	289	452	633	882	1226	1594	1979	2334	2644	2944	3236	3525	3753	3917	4057	4175	4270	4343	4401	4454	4502	4548	4586
1.0	100	5	11.47	6.22	13	EAIS	RCP 8.5 (BC)	0	-2	-1	12	48	111	206	328	478	642	813	989	1187	1413	1667	1955	2239	2530	2834	3155	3496	3838	4176	4512	4833	5151	5465	5769	6069	6367	6665
1.0	100	5	11.47	6.22	13	AIS	RCP 4.5 (BC)	0	-9	-15	-10	16	67	143	256	411	595	783	1002	1256	1544	1808	2060	2295	2498	2674	2844	3006	3163	3317	3473	3630	3779	3923	4073	4220	4368	4513
1.0	100	5	11.47	6.22	13	WAIS	RCP 4.5 (BC)	0	-7	-14	-21	-26	-23	-11	14	64	142	233	353	494	667	817	961	1097	1204	1289	1366	1437	1505	1573	1645	1718	1789	1861	1941	2018	2095	2169
1.0	100	5	11.47	6.22	13	EAIS	RCP 4.5 (BC)	0	-2	-1	11	42	90	154	242	347	453	550	649	762	877	991	1099	1198	1294	1385	1478	1569	1658	1744	1828	1912	1990	2062	2132	2202	2273	2344
1.0	100	5	11.47	6.22	13	AIS	RCP 2.6 (BC)	0	-8	-15	-9	13	49	91	133	179	227	272	313	351	382	408	432	453	473	491	506	520	531	540	549	555	560	566	572	577	582	587
1.0	100	5	11.47	6.22	13	WAIS	RCP 2.6 (BC)	0	-7	-15	-22	-29	-33	-32	-30	-30	-27	-22	-16	-13	-12	-11	-11	-12	-13	-14	-16	-18	-20	-22	-23	-25	-28	-30	-31	-32	-34	-36
1.0	100	5	11.47	6.22	13	EAIS	RCP 2.6 (BC)	0	-1	0	13	42	82	123	163	209	254	294	329	364	394	419	443	465	486	505	522	538	551	562	572	580	588	596	603	609	616	623
1.0	150	1	8.88	5.12	14	AIS	RCP 8.5	0	-18	-38	-57	-72	-75	-55	-14	48	132	238	386	638	993	1424	1909	2453	2953	3413	3886	4381	4857	5299	5682	6007	6299	6564	6819	7060	7292	7514
1.0	150	1	8.88	5.12	14	WAIS	RCP 8.5	0	-12	-24	-37	-48	-54	-48	-28	8	58	122	220	401	658	970	1313	1697	2026	2302	2559	2844	3114	3353	3539	3671	3779	3865	3941	4009	4071	4129
1.0	150	1	8.88	5.12	14	EAIS	RCP 8.5	0	-6	-14	-20	-24	-21	-7	14	40	74	116	166	237	335	454	596	756	927	1111	1327	1537	1743	1946	2143	2336	2520	2699	2878	3051	3221	3385
1.0	150	1	8.88	5.12	14	AIS	RCP 4.5	0	-18	-38	-56	-72	-82	-83	-72	-52	-28	-1	28	57	87	118	152	191	231	273	314	357	403	450	501	557	617	678	739	810	876	940
1.0	150	1	8.88	5.12	14	WAIS	RCP 4.5	0	-11	-23	-35	-46	-56	-61	-62	-58	-50	-39	-26	-13	1	15	32	52	74	96	117	141	168	198	231	269	311	354	398	451	501	548
1.0	150	1	8.88	5.12	14	EAIS	RCP 4.5	0	-7	-15	-21	-26	-26	-22	-10	6	22	38	54	70	86	103	120	139	157	177	197	216	235	252	270	288	306	324	341	359	375	392
1.0	150	1	8.88	5.12	14	AIS	RCP 2.6	0	-19	-39	-57	-73	-86	-97	-105	-114	-122	-128	-135	-142	-149	-156	-165	-172	-180	-187	-193	-200	-207	-213	-220	-225	-231	-237	-244	-250	-256	-261
1.0	150	1	8.88	5.12	14	WAIS	RCP 2.6	0	-12	-24	-36	-47	-58	-67	-76	-85	-94	-101	-109	-116	-123	-129	-137	-143	-150	-156	-161	-167	-172	-177	-182	-186	-190	-195	-200	-203	-206	-209
1.0	150	1	8.88	5.12	14	EAIS	RCP 2.6	0	-7	-15	-21	-26	-28	-30	-29	-29	-28	-27	-26	-26	-26	-27	-28	-29	-30	-31	-32	-33	-35	-36	-38	-39	-41	-42	-44	-47	-50	-52
1.0	150	1	8.88	5.12	14	AIS	RCP 8.5 (BC)	0	-16	-33	-48	-60	-61	-37	10	76	163	273	423	690	1057	1481	1982	2520	2995	3449	3926	4412	4881	5317	5692	6013	6299	6564	6816	7056	7287	7507
1.0	150	1	8.88	5.12	14	WAIS	RCP 8.5 (BC)	0	-9	-19	-28	-36	-40	-29	-4	35	89	157	257	453	723	1027	1386	1764	2067	2336	2596	2872	3135	3370	3548	3676	3779	3864	3938	4005	4066	4123
1.0	150	1	8.88	5.12	14	EAIS	RCP 8.5 (BC)	0	-7	-14	-20	-24	-21	-8	14	41	74	116	166	237	334	454	596	756	928	1113	1330	1540	1746	1947	2144	2337	2520	2700	2878	3051	3221	3384
1.0	150	1	8.88	5.12	14	AIS	RCP 4.5 (BC)	0	-15	-32	-47	-61	-68	-66	-51	-24	9	43	81	120	161	202	247	299	353	414	480	546	621	691	757	823	908	996	1074	1149	1222	1294
1.0	150	1	8.88	5.12	14	WAIS	RCP 4.5 (BC)	0	-8	-17	-26	-35	-41	-44	-40	-29	-13	5	28	51	75	99	127	160	196	238	284	331	387	440	488	537	604	674	734	791	848	904
1.0	150	1	8.88	5.12	14	EAIS	RCP 4.5 (BC)	0	-7	-15	-21	-26	-27	-22	-11	5	22	38	53	69	86	103	120	139	157	176	196	215	234	251	269	286	304	322	340	358	374	390
1.0	150	1	8.88	5.12	14	AIS	RCP 2.6 (BC)	0	-15	-31	-47	-61	-72	-79	-84	-89	-92	-96	-99	-103	-106	-110	-114	-118	-122	-126	-129	-133	-136	-139	-142	-145	-148	-151	-155	-159	-162	-165
1.0	150	1	8.88	5.12	14	WAIS	RCP 2.6 (BC)	0	-8	-17	-26	-35	-43	-49	-55	-60	-65	-69	-73	-77	-80	-83	-86	-89	-92	-95	-97	-99	-101	-103	-105	-106	-108	-109	-111	-112	-112	-113
1.0	150	1	8.88	5.12	14	EAIS	RCP 2.6 (BC)	0	-7	-14	-21	-26	-29	-30	-29	-29	-27	-27	-26	-26	-26	-27	-28	-29	-30	-31	-32	-34	-35	-36	-37	-39	-40	-42	-44	-47	-50	-52
1.0	150	3	11.39	6.21	15	AIS	RCP 8.5	0	-14	-27	-33	-24	15	97	218	381	581	807	1092	1476	1986	2551	3128	3669	4199	4716	5217	5733	6249	6688	7062	7414	7750	8068	8375	8677	8969	9242
1.0	150	3	11.39	6.21	15	WAIS	RCP 8.5	0	-11	-23	-33	-42	-41	-19	32	108	211	325	487	735	1086	1467	1842	2157	2453	2737	3000	3269	3532	3722	3853	3967	4067	4154	4233	4308	4373	4424
1.0	150	3	11.39	6.21	15	EAIS	RCP 8.5	0	-3	-4	0	18	56	116	186	273	370	482	605	741	900	1084	1286	1512	1746	1979	2217	2464	2717	2966	3209	3447	3683	3914	4142	4369	4596	4818
1.0	150	3	11.39	6.21	15	AIS	RCP 4.5	0	-13	-27	-33	-29	-6	33	92	168	255	348	452	569	696	839	987	1143	1327	1512	1700	1875	2039	2208	2378	2514	2636	2752	2860	2964	3066	3166
1.0	150	3	11.39	6.21	15	WAIS	RCP 4.5	0	-10	-22	-33	-43	-48	-48	-39	-20	5	35	79	133	194	268	346	432	546	663	781	887	984	1088	1196	1276	1343	1405	1460	1512	1560	1607
1.0	150	3	11.39	6.21	15	EAIS	RCP 4.5	0	-3	-5	0	14	42	81	131	188	250	313	373	436	502	571	641	711	781	849	919	988	1055	1120	1182	1238	1293	1347	1400	1452	1506	1559
1.0	150	3	11.39	6.21	15	AIS	RCP 2.6	0	-14	-27	-35	-33	-19	-3	11	25	38	56	74	92	112	131	145	159	170	179	189	198	207	214	221	228	234	239	244	249	252	255
1.0	150	3	11.39	6.21	15	WAIS	RCP 2.6	0	-11	-23	-34	-44	-52	-61	-69	-76	-83	-88	-92	-97	-100	-102	-107	-111	-117	-122	-127	-132	-137	-142	-147	-151	-156	-160	-164	-167	-171	-175
1.0	150	3	11.39	6.21	15	EAIS	RCP 2.6	0	-3	-4	-1	11	33	58	80	101	121	144	166	189	212	233	252	270	287	301	316	330	344	356	368	379	390	399	408	416	423	430
1.0	150	3	11.39	6.21	15	AIS	RCP 8.5 (BC)	0	-11	-20	-24	-12	32	124	258	435	648	881	1165	1557	2066	2610	3176	3710	4239	4735	5227	5732	6245	6678	7050	7402	7735	8056	8362	8664	8954	9227
1.0	150	3	11.39	6.21	15	WAIS	RCP 8.5 (BC)	0	-8	-16	-24	-30	-23	9	73	165	281	403	565	820	1170	1532	1896	2204	2499	2760	3014	3272	3533	3718	3846	3959	4058	4145	4223	4298	4361	4411
1.0	150	3	11.39	6.21	15	EAIS	RCP 8.5 (BC)	0	-3	-4	0	18	55	115	185	270	367	478	600	737	896	1078	1280	1506	1740	1975	2213	2460	2712	2960	3204	3443	3677	3911	4139	4366	4593	4816
1.0	150	3	11.39	6.21	15	AIS	RCP 4.5 (BC)	0	-10	-20	-24	-16	11	54	120	206	308	425	554	694	852	1016	1188	1377	1557	1741	1918	2089	2258	2404	2534	2654	2768	2874	2979	3085	3192	3300
1.0	150	3	11.39	6.21	15	WAIS	RCP 4.5 (BC)	0	-7	-15	-23	-30	-30	-25	-9	19	60	114	182	258	350	446	548	668	778	894	1001	1101	1199	1278	1343	1402	1455	1504	1552	1600	1648	1698
1.0	150	3	11.39	6.21	15	EAIS	RCP 4.5 (BC)	0	-3	-5	-1	14	41	79	129	187	248	311	372	436	502	570	640	709	779	847	917	988	1059	1126	1191	1252	1313	1370	1427	1485	1544	1602
1.0	150	3	11.39	6.21	15	AIS	RCP 2.6 (BC)	0	-11	-19	-24	-19	-1	21	42	62	82	102	124	147	172	197	218	238	255	270	284	297	309	321	331	339	348	357	364	371	377	382
1.0	150	3	11.39	6.21	15	WAIS	RCP 2.6 (BC)	0	-8	-15	-23	-30	-34	-37	-38	-39	-40	-42	-42	-42	-40	-37	-35	-33	-33	-33	-34	-35	-36	-37	-38	-41	-42	-43	-45	-46	-47	-49
1.0	150	3	11.39	6.21	15	EAIS	RCP 2.6 (BC)	0	-3	-4	-1	11	33	58	80	101	122	144	166	189	212	234	253	271	288	303	318	332	345	358	369	380	390	400	409	417	424	431
1.0	150	5	11.81	6.41	16	AIS	RCP 8.5	0	-12	-19	-13	22	95	231	439	715	1031	1374	1798	2349	2950	3595	4261	4868	5463	6063	6677	7264	7774	8256	8715	9131	9521	9896	10256	10604	10946	11283
1.0	150	5	11.81	6.41	16	WAIS	RCP 8.5	0	-12	-23	-34	-41	-35	1	84	211	364	537	785	1138	1514	1907	2287	2609	2912	3207	3499	3745	3912	4057	4180	4276	4351	4411	4465	4514	4559	4599
1.0	150	5	11.81	6.41	16	EAIS	RCP 8.5	0	0	4	21	63	130	230	355	504	667	837	1013	1211	1436	1688	1974	2259	2551	2856	3178	3519	3862	4199	4535	4855	5170	5485	5791	6090	6387	6684
1.0	150	5	11.81	6.41	16	AIS	RCP 4.5	0	-11	-18	-13	12	61	136	249	391	546	715	916	1155	1425	1703	1969	2209	2444	2664	2849	3020	3183	3343	3507	3664	3821	3972	4128	4275	4422	4571
1.0	150	5	11.81	6.41	16	WAIS	RCP 4.5	0	-11	-22	-32	-42	-45	-39	-20	12	62	132	225	345	494	656	814	954	1092	1213	1303	1383	1456	1526	1600	1674	1753	1830	1915	1992	2068	2143
1.0	150	5	11.81	6.41	16	EAIS	RCP 4.5	0	0	4	19	54	106	175	269	379	484	583	691	810	931	1047	1155	1255	1352	1451	1546	1637	1727	1817	1907	1990	2068	2142	2213	2283	2354	2428
1.0	150	5	11.81	6.41	16	AIS	RCP 2.6	0	-11	-19	-15	8	44	81	118	160	206	248	285	318	345	368	388	404	418	430	442	451	458	466	472	475	478	481	483	488	491	493
1.0	150	5	11.81	6.41	16	WAIS	RCP 2.6	0	-11	-22	-33	-43	-51	-59	-64	-69	-72	-72	-74	-77	-81	-85	-90	-96	-102	-108	-113	-118	-123	-127	-131	-136	-140	-144	-149	-151	-155	-159
1.0	150	5	11.81	6.41	16	EAIS	RCP 2.6	0	0	3	18	51	95	140	182	229	278	320	359	395	426	453	478	500	520	538	555	569	581	593	603	611	618	625	632	639	646	652
1.0	150	5	11.81	6.41	16	AIS	RCP 8.5 (BC)	0	-7	-11	-1	38	119	270	504	804	1128	1485	1912	2451	3050	3691	4328	4925	5518	6116	6727	7292	7797	8274	8729	9138	9525	9898	10256	10602	10944	11280
1.0	150	5	11.81	6.41	16	WAIS	RCP 8.5 (BC)	0	-7	-15	-22	-25	-10	40	148	297	455	640	890	1234	1608	1997	2346	2658	2959	3252	3541	3764	3926	4067	4185	4275	4346	4404	4457	4505	4550	4588
1.0	150	5	11.81	6.41	16	EAIS	RCP 8.5 (BC)	0	0	4	21	63	129	230	356	507	673	845	1022	1217	1442	1694	1982	2267	2559	2864	3186	3528	3871	4207	4544	4863	5179	5494	5799	6097	6394	6692
1.0	150	5	11.81	6.41	16	AIS	RCP 4.5 (BC)	0	-7	-10	1	31	89	175	298	463	646	842	1083	1364	1664	1936	2189	2422	2618	2800	2973	3136	3300	3468	3640	3814	3980	4150	4305	4459	4606	4747
1.0	150	5	11.81	6.41	16	WAIS	RCP 4.5 (BC)	0	-7	-14	-21	-27	-22	-9	18	74	155	253	387	545	722	875	1016	1146	1242	1323	1399	1470	1543	1620	1701	1787	1875	1969	2052	2135	2209	2276
1.0	150	5	11.81	6.41	16	EAIS	RCP 4.5 (BC)	0	0	4	22	58	111	184	280	389	491	589	696	819	942	1061	1173	1276	1376	1477	1574	1666	1757	1848	1939	2027	2105	2181	2253	2324	2397	2471
1.0	150	5	11.81	6.41	16	AIS	RCP 2.6 (BC)	0	-8	-11	-1	26	67	113	159	211	260	306	349	387	420	449	475	497	517	534	550	563	573	584	591	596	601	605	610	615	620	625
1.0	150	5	11.81	6.41	16	WAIS	RCP 2.6 (BC)	0	-8	-15	-22	-29	-31	-30	-28	-26	-23	-17	-11	-7	-5	-4	-4	-5	-5	-6	-7	-8	-10	-11	-13	-16	-18	-20	-22	-24	-25	-26
1.0	150	5	11.81	6.41	16	EAIS	RCP 2.6 (BC)	0	0	4	21	55	98	143	187	237	283	323	360	394	425	453	479	502	522	540	557	571	583	595	604	612	619	625	632	639	645	651
3.0	50	1	9.02	5.37	17	AIS	RCP 8.5	0	-14	-31	-47	-61	-63	-41	3	68	157	271	421	675	1028	1463	1943	2481	2964	3418	3896	4386	4855	5296	5680	6003	6292	6558	6815	7058	7291	7515
3.0	50	1	9.02	5.37	17	WAIS	RCP 8.5	0	-8	-18	-28	-37	-41	-32	-9	28	84	158	258	443	699	1013	1351	1731	2042	2312	2573	2852	3114	3353	3538	3669	3775	3860	3936	4005	4067	4125
3.0	50	1	9.02	5.37	17	EAIS	RCP 8.5	0	-6	-13	-19	-24	-22	-9	12	40	73	113	163	232	329	450	592	750	922	1106	1323	1534	1741	1943	2142	2334	2517	2698	2879	3053	3224	3390
3.0	50	1	9.02	5.37	17	AIS	RCP 4.5	0	-15	-30	-45	-59	-67	-64	-49	-25	5	35	68	105	140	177	216	259	303	348	396	449	506	566	630	696	766	841	918	993	1079	1175
3.0	50	1	9.02	5.37	17	WAIS	RCP 4.5	0	-8	-16	-25	-34	-40	-41	-36	-27	-15	0	17	37	55	75	97	122	147	173	202	233	272	314	359	407	459	516	575	632	700	778
3.0	50	1	9.02	5.37	17	EAIS	RCP 4.5	0	-7	-14	-20	-25	-27	-23	-13	2	20	35	51	68	85	102	119	137	156	175	194	216	234	252	271	289	307	325	343	361	379	397
3.0	50	1	9.02	5.37	17	AIS	RCP 2.6	0	-13	-28	-43	-56	-67	-76	-85	-91	-97	-102	-106	-112	-117	-121	-126	-131	-136	-141	-145	-147	-151	-153	-156	-158	-162	-165	-169	-171	-173	-175
3.0	50	1	9.02	5.37	17	WAIS	RCP 2.6	0	-7	-15	-24	-32	-39	-46	-52	-57	-62	-66	-69	-73	-76	-79	-82	-85	-87	-90	-92	-93	-95	-95	-95	-95	-96	-97	-98	-98	-98	-98
3.0	50	1	9.02	5.37	17	EAIS	RCP 2.6	0	-6	-13	-19	-24	-28	-30	-33	-34	-35	-36	-37	-39	-41	-42	-44	-46	-49	-51	-53	-54	-56	-58	-61	-63	-66	-68	-71	-73	-75	-77
3.0	50	1	9.02	5.37	17	AIS	RCP 8.5 (BC)	0	-9	-19	-30	-37	-29	6	65	146	253	392	574	844	1228	1684	2164	2651	3108	3570	4036	4491	4943	5362	5723	6030	6308	6569	6818	7056	7288	7511
3.0	50	1	9.02	5.37	17	WAIS	RCP 8.5 (BC)	0	-2	-6	-10	-13	-7	15	53	106	180	279	411	611	897	1234	1571	1899	2185	2461	2713	2958	3203	3420	3581	3695	3789	3869	3939	4004	4065	4121
3.0	50	1	9.02	5.37	17	EAIS	RCP 8.5 (BC)	0	-7	-13	-20	-24	-22	-9	12	40	73	113	163	233	331	450	593	752	923	1109	1323	1533	1740	1942	2142	2335	2519	2700	2879	3052	3223	3390
3.0	50	1	9.02	5.37	17	AIS	RCP 4.5 (BC)	0	-7	-16	-26	-33	-34	-21	2	41	89	138	195	257	328	394	464	544	635	732	821	908	991	1072	1154	1231	1306	1383	1462	1547	1639	1726
3.0	50	1	9.02	5.37	17	WAIS	RCP 4.5 (BC)	0	-1	-3	-7	-9	-8	0	13	37	68	103	146	192	246	294	347	409	481	559	629	696	759	822	885	944	1001	1060	1121	1189	1263	1332
3.0	50	1	9.02	5.37	17	EAIS	RCP 4.5 (BC)	0	-6	-13	-19	-24	-26	-21	-11	4	21	35	49	65	82	100	117	135	154	173	192	212	232	250	269	287	305	323	341	358	376	394
3.0	50	1	9.02	5.37	17	AIS	RCP 2.6 (BC)	0	-7	-17	-26	-34	-38	-39	-40	-39	-38	-35	-32	-30	-27	-22	-20	-18	-15	-14	-11	-7	-3	2	8	13	21	30	41	52	64	79
3.0	50	1	9.02	5.37	17	WAIS	RCP 2.6 (BC)	0	-1	-4	-7	-9	-10	-9	-7	-5	-3	1	5	9	14	20	24	28	33	37	42	48	54	61	69	77	87	99	111	125	139	156
3.0	50	1	9.02	5.37	17	EAIS	RCP 2.6 (BC)	0	-6	-13	-19	-25	-28	-30	-33	-34	-35	-36	-37	-39	-41	-42	-44	-46	-48	-51	-53	-55	-57	-59	-61	-64	-66	-69	-70	-73	-75	-77
3.0	50	3	11.29	6.23	18	AIS	RCP 8.5	0	-10	-22	-30	-26	9	93	212	370	572	802	1089	1482	1984	2537	3101	3637	4168	4673	5174	5682	6194	6630	7008	7366	7703	8023	8333	8638	8931	9206
3.0	50	3	11.29	6.23	18	WAIS	RCP 8.5	0	-8	-17	-25	-31	-28	-3	48	128	243	369	536	791	1135	1507	1873	2180	2475	2745	3005	3266	3525	3712	3843	3958	4058	4145	4224	4299	4363	4413
3.0	50	3	11.29	6.23	18	EAIS	RCP 8.5	0	-2	-5	-5	5	37	96	164	242	329	433	553	691	849	1030	1228	1457	1693	1928	2169	2416	2669	2918	3165	3408	3645	3878	4109	4339	4568	4793
3.0	50	3	11.29	6.23	18	AIS	RCP 4.5	0	-10	-20	-27	-27	-9	32	94	172	254	344	452	576	707	847	996	1151	1332	1517	1702	1876	2049	2228	2387	2534	2669	2791	2909	3020	3126	3227
3.0	50	3	11.29	6.23	18	WAIS	RCP 4.5	0	-7	-14	-21	-28	-30	-26	-13	12	42	81	132	195	260	336	422	513	630	748	865	972	1078	1191	1287	1372	1448	1515	1578	1637	1693	1746
3.0	50	3	11.29	6.23	18	EAIS	RCP 4.5	0	-3	-6	-6	1	21	58	107	160	212	263	320	381	447	511	574	638	702	769	837	904	971	1037	1100	1162	1221	1276	1331	1383	1433	1481
3.0	50	3	11.29	6.23	18	AIS	RCP 2.6	0	-8	-18	-25	-26	-19	-8	4	15	25	37	51	65	82	101	117	132	144	154	163	173	182	192	203	212	222	231	241	248	256	263
3.0	50	3	11.29	6.23	18	WAIS	RCP 2.6	0	-6	-13	-20	-27	-32	-37	-42	-46	-50	-53	-55	-58	-60	-61	-63	-64	-65	-67	-68	-68	-69	-69	-68	-69	-68	-68	-67	-67	-66	-66
3.0	50	3	11.29	6.23	18	EAIS	RCP 2.6	0	-2	-5	-5	1	13	29	46	61	75	90	106	123	142	162	180	196	209	221	231	241	251	261	271	281	290	299	308	315	322	329
3.0	50	3	11.29	6.23	18	AIS	RCP 8.5 (BC)	0	-4	-8	-10	2	52	168	323	514	731	993	1319	1729	2209	2752	3325	3846	4346	4832	5325	5833	6298	6689	7053	7398	7724	8039	8344	8641	8928	9199
3.0	50	3	11.29	6.23	18	WAIS	RCP 8.5 (BC)	0	-1	-3	-5	-3	15	72	158	271	400	557	765	1037	1359	1722	2097	2388	2651	2901	3154	3415	3626	3767	3885	3988	4077	4159	4233	4300	4358	4403
3.0	50	3	11.29	6.23	18	EAIS	RCP 8.5 (BC)	0	-3	-5	-5	5	37	96	165	243	331	436	554	692	850	1030	1228	1458	1695	1931	2171	2418	2672	2922	3168	3410	3647	3880	4111	4341	4570	4796
3.0	50	3	11.29	6.23	18	AIS	RCP 4.5 (BC)	0	-2	-7	-7	2	29	84	174	287	418	547	699	881	1061	1235	1407	1578	1760	1951	2117	2264	2409	2550	2687	2816	2938	3055	3172	3284	3395	3502
3.0	50	3	11.29	6.23	18	WAIS	RCP 4.5 (BC)	0	0	-1	-2	0	7	26	67	126	205	283	377	497	611	722	830	938	1056	1181	1279	1359	1438	1513	1585	1653	1717	1779	1842	1901	1963	2022
3.0	50	3	11.29	6.23	18	EAIS	RCP 4.5 (BC)	0	-2	-6	-5	2	22	58	107	161	213	264	322	384	450	513	577	640	704	770	838	905	971	1037	1102	1163	1221	1276	1330	1383	1432	1480
3.0	50	3	11.29	6.23	18	AIS	RCP 2.6 (BC)	0	-2	-6	-8	-1	15	35	56	75	95	117	142	170	203	240	275	312	344	373	403	435	477	532	587	634	677	718	759	801	844	882
3.0	50	3	11.29	6.23	18	WAIS	RCP 2.6 (BC)	0	1	0	-2	-1	3	7	11	16	22	29	38	49	64	80	97	118	136	153	172	194	226	270	315	352	386	418	451	485	521	552
3.0	50	3	11.29	6.23	18	EAIS	RCP 2.6 (BC)	0	-3	-6	-6	0	12	28	45	59	73	88	104	121	139	160	178	194	208	220	231	241	251	262	272	282	291	300	308	316	323	330
3.0	50	5	11.45	6.34	19	AIS	RCP 8.5	0	-10	-18	-21	-1	72	208	403	664	983	1336	1762	2308	2909	3561	4207	4810	5400	5997	6607	7183	7694	8178	8639	9064	9457	9833	10191	10541	10889	11227
3.0	50	5	11.45	6.34	19	WAIS	RCP 8.5	0	-8	-15	-23	-28	-17	21	102	231	391	573	826	1179	1555	1954	2311	2627	2923	3217	3507	3744	3910	4053	4174	4270	4343	4402	4456	4504	4549	4588
3.0	50	5	11.45	6.34	19	EAIS	RCP 8.5	0	-2	-3	2	27	89	187	301	433	592	763	936	1129	1354	1607	1896	2183	2477	2780	3100	3439	3784	4125	4465	4794	5114	5431	5735	6037	6340	6639
3.0	50	5	11.45	6.34	19	AIS	RCP 4.5	0	-8	-16	-18	-3	40	115	224	346	494	671	868	1101	1357	1632	1886	2128	2359	2559	2739	2904	3065	3231	3394	3558	3720	3882	4042	4198	4347	4486
3.0	50	5	11.45	6.34	19	WAIS	RCP 4.5	0	-6	-13	-20	-25	-25	-14	8	42	96	178	277	404	551	717	862	999	1131	1240	1331	1412	1488	1567	1646	1729	1812	1897	1983	2070	2153	2229
3.0	50	5	11.45	6.34	19	EAIS	RCP 4.5	0	-2	-3	2	22	65	129	216	304	398	493	591	697	806	915	1024	1129	1228	1319	1408	1492	1577	1664	1748	1829	1908	1985	2059	2128	2194	2257
3.0	50	5	11.45	6.34	19	AIS	RCP 2.6	0	-8	-16	-17	-8	16	47	74	104	140	178	209	238	265	291	315	335	353	370	387	402	416	428	439	448	457	466	474	482	489	496
3.0	50	5	11.45	6.34	19	WAIS	RCP 2.6	0	-6	-13	-19	-25	-30	-34	-38	-41	-44	-47	-50	-52	-54	-56	-57	-59	-61	-63	-63	-64	-64	-64	-64	-64	-64	-64	-65	-64	-64	-64
3.0	50	5	11.45	6.34	19	EAIS	RCP 2.6	0	-2	-3	2	17	46	81	112	145	184	225	259	290	319	347	372	394	414	433	450	466	480	492	503	512	521	530	539	546	553	560
3.0	50	5	11.45	6.34	19	AIS	RCP 8.5 (BC)	0	-2	-3	3	41	144	338	591	910	1275	1658	2094	2653	3251	3869	4493	5091	5685	6279	6799	7296	7779	8234	8673	9081	9465	9832	10186	10535	10880	11214
3.0	50	5	11.45	6.34	19	WAIS	RCP 8.5 (BC)	0	0	0	1	14	55	151	291	477	684	897	1161	1527	1900	2264	2598	2910	3211	3501	3702	3861	3999	4114	4213	4290	4349	4402	4453	4499	4541	4575
3.0	50	5	11.45	6.34	19	EAIS	RCP 8.5 (BC)	0	-2	-3	2	27	89	187	300	433	591	761	933	1126	1351	1605	1895	2181	2474	2778	3097	3435	3780	4120	4460	4791	5116	5430	5733	6036	6339	6639
3.0	50	5	11.45	6.34	19	AIS	RCP 4.5 (BC)	0	0	-1	8	38	106	212	367	558	788	1020	1272	1538	1821	2093	2323	2530	2723	2901	3068	3231	3399	3573	3757	3931	4102	4265	4413	4553	4682	4806
3.0	50	5	11.45	6.34	19	WAIS	RCP 4.5 (BC)	0	1	2	5	16	40	83	151	255	390	528	682	841	1015	1178	1298	1401	1494	1580	1659	1737	1818	1905	2004	2096	2186	2272	2346	2416	2480	2540
3.0	50	5	11.45	6.34	19	EAIS	RCP 4.5 (BC)	0	-1	-3	3	22	66	129	216	303	398	492	590	697	806	915	1025	1129	1229	1321	1409	1494	1581	1668	1753	1835	1916	1993	2067	2137	2202	2266
3.0	50	5	11.45	6.34	19	AIS	RCP 2.6 (BC)	0	-1	0	8	33	75	129	179	239	301	368	439	519	601	671	743	813	881	949	1021	1104	1174	1234	1292	1345	1391	1435	1481	1523	1561	1599
3.0	50	5	11.45	6.34	19	WAIS	RCP 2.6 (BC)	0	0	2	5	14	27	47	66	93	117	143	180	229	282	324	372	420	467	515	571	638	694	743	789	832	870	905	942	976	1007	1038
3.0	50	5	11.45	6.34	19	EAIS	RCP 2.6 (BC)	0	-1	-2	3	19	48	82	113	146	184	225	259	290	319	347	371	393	414	434	450	466	480	491	503	513	521	530	539	547	554	561
3.0	100	1	9.28	6.31	20	AIS	RCP 8.5	0	-15	-32	-46	-56	-54	-26	21	91	184	300	454	713	1071	1499	1984	2530	3010	3462	3942	4429	4904	5342	5719	6039	6327	6595	6851	7092	7325	7549
3.0	100	1	9.28	6.31	20	WAIS	RCP 8.5	0	-9	-19	-28	-37	-40	-29	-5	35	93	167	271	459	719	1028	1372	1758	2066	2333	2596	2875	3142	3377	3555	3683	3786	3871	3946	4014	4076	4134
3.0	100	1	9.28	6.31	20	EAIS	RCP 8.5	0	-6	-13	-18	-19	-14	3	26	56	91	133	183	254	352	471	612	772	944	1129	1346	1554	1762	1965	2164	2356	2541	2724	2905	3078	3249	3415
3.0	100	1	9.28	6.31	20	AIS	RCP 4.5	0	-13	-27	-40	-51	-55	-48	-28	-1	32	65	103	146	190	234	281	331	383	441	502	567	639	711	792	876	957	1035	1123	1218	1307	1390
3.0	100	1	9.28	6.31	20	WAIS	RCP 4.5	0	-7	-15	-23	-31	-37	-38	-32	-22	-6	12	34	58	84	110	138	168	201	237	275	320	371	423	484	548	609	668	737	813	884	949
3.0	100	1	9.28	6.31	20	EAIS	RCP 4.5	0	-6	-12	-17	-20	-18	-10	4	21	38	53	69	88	106	124	143	163	182	204	227	247	268	288	308	328	348	367	386	405	423	441
3.0	100	1	9.28	6.31	20	AIS	RCP 2.6	0	-12	-26	-39	-49	-58	-63	-66	-67	-69	-68	-67	-67	-67	-68	-70	-72	-73	-76	-77	-79	-80	-81	-82	-83	-84	-83	-84	-85	-85	-86
3.0	100	1	9.28	6.31	20	WAIS	RCP 2.6	0	-7	-15	-23	-31	-39	-45	-50	-54	-58	-61	-63	-66	-68	-70	-72	-73	-74	-75	-75	-76	-76	-76	-76	-77	-77	-76	-76	-76	-76	-76
3.0	100	1	9.28	6.31	20	EAIS	RCP 2.6	0	-5	-11	-16	-18	-19	-18	-16	-13	-11	-7	-4	-1	1	2	2	1	1	-1	-2	-3	-4	-5	-6	-6	-7	-7	-8	-9	-9	-10
3.0	100	1	9.28	6.31	20	AIS	RCP 8.5 (BC)	0	-8	-18	-26	-30	-17	24	88	172	283	425	609	885	1276	1726	2204	2685	3136	3594	4057	4510	4959	5380	5738	6044	6322	6583	6834	7072	7303	7524
3.0	100	1	9.28	6.31	20	WAIS	RCP 8.5 (BC)	0	-2	-5	-9	-11	-4	21	62	117	194	295	429	634	926	1258	1595	1918	2198	2472	2721	2964	3206	3424	3584	3698	3791	3871	3941	4006	4066	4122
3.0	100	1	9.28	6.31	20	EAIS	RCP 8.5 (BC)	0	-6	-13	-17	-19	-13	3	26	55	89	130	180	251	350	468	609	767	938	1122	1336	1546	1753	1956	2154	2346	2531	2712	2893	3066	3237	3402
3.0	100	1	9.28	6.31	20	AIS	RCP 4.5 (BC)	0	-7	-15	-22	-26	-22	-4	28	73	126	182	246	321	393	468	552	654	757	854	946	1031	1118	1202	1286	1366	1450	1544	1643	1732	1811	1887
3.0	100	1	9.28	6.31	20	WAIS	RCP 4.5 (BC)	0	-1	-3	-5	-6	-4	5	23	51	87	128	175	232	286	343	409	491	575	651	720	785	851	915	978	1039	1103	1177	1258	1328	1388	1446
3.0	100	1	9.28	6.31	20	EAIS	RCP 4.5 (BC)	0	-6	-12	-17	-20	-18	-9	5	22	39	54	71	89	107	125	143	163	182	203	226	246	267	287	308	327	347	367	385	404	423	441
3.0	100	1	9.28	6.31	20	AIS	RCP 2.6 (BC)	0	-5	-14	-22	-26	-27	-26	-21	-16	-11	-4	3	10	18	24	28	33	37	39	43	48	54	61	68	75	86	98	111	124	137	151
3.0	100	1	9.28	6.31	20	WAIS	RCP 2.6 (BC)	0	0	-3	-6	-8	-8	-7	-5	-3	0	3	7	11	16	21	25	30	35	39	44	50	57	65	72	80	91	104	117	131	144	159
3.0	100	1	9.28	6.31	20	EAIS	RCP 2.6 (BC)	0	-5	-11	-16	-18	-19	-19	-16	-13	-11	-7	-4	-1	2	3	3	3	2	0	-1	-2	-3	-4	-4	-5	-5	-6	-6	-7	-7	-8
3.0	100	5	11.60	6.55	21	AIS	RCP 8.5	0	-7	-13	-5	33	122	273	487	781	1117	1479	1933	2483	3085	3736	4360	4955	5543	6138	6750	7311	7816	8296	8753	9165	9558	9928	10286	10637	10987	11323
3.0	100	5	11.60	6.55	21	WAIS	RCP 8.5	0	-7	-15	-23	-26	-12	33	126	271	438	629	906	1260	1635	2032	2366	2677	2972	3263	3552	3771	3934	4073	4191	4282	4353	4411	4464	4511	4556	4593
3.0	100	5	11.60	6.55	21	EAIS	RCP 8.5	0	0	2	18	59	134	240	361	510	679	850	1027	1223	1450	1704	1994	2278	2571	2875	3198	3540	3882	4223	4562	4883	5205	5517	5822	6126	6431	6730
3.0	100	5	11.60	6.55	21	AIS	RCP 4.5	0	-7	-10	-3	27	86	182	302	448	628	826	1060	1318	1612	1893	2161	2414	2633	2830	3017	3199	3387	3578	3766	3949	4117	4282	4455	4620	4784	4937
3.0	100	5	11.60	6.55	21	WAIS	RCP 4.5	0	-6	-12	-19	-23	-18	-4	23	70	149	245	367	508	683	841	991	1134	1246	1339	1423	1506	1594	1687	1782	1875	1962	2050	2149	2241	2336	2421
3.0	100	5	11.60	6.55	21	EAIS	RCP 4.5	0	-1	2	16	50	104	186	279	378	479	581	693	810	929	1052	1170	1280	1387	1491	1594	1693	1793	1891	1984	2074	2155	2232	2306	2379	2448	2516
3.0	100	5	11.60	6.55	21	AIS	RCP 2.6	0	-6	-10	-3	22	62	108	162	222	278	328	375	416	452	482	509	533	552	571	588	601	613	626	636	645	653	663	670	678	686	695
3.0	100	5	11.60	6.55	21	WAIS	RCP 2.6	0	-6	-13	-19	-25	-28	-28	-24	-20	-15	-8	0	6	11	14	15	16	15	15	15	13	12	13	13	13	13	14	13	13	13	14
3.0	100	5	11.60	6.55	21	EAIS	RCP 2.6	0	0	3	16	47	90	136	186	242	293	336	375	410	441	468	494	517	537	556	573	588	601	613	623	632	640	649	657	665	673	681
3.0	100	5	11.60	6.55	21	AIS	RCP 8.5 (BC)	0	-1	1	18	68	184	394	657	985	1364	1750	2210	2769	3363	3967	4573	5166	5754	6354	6884	7388	7871	8326	8761	9162	9542	9908	10265	10614	10960	11292
3.0	100	5	11.60	6.55	21	WAIS	RCP 8.5 (BC)	0	0	-1	0	10	52	157	300	481	694	911	1196	1557	1923	2276	2594	2904	3199	3495	3703	3864	4005	4120	4219	4296	4356	4409	4460	4505	4547	4581
3.0	100	5	11.60	6.55	21	EAIS	RCP 8.5 (BC)	0	-1	2	18	58	132	237	357	504	670	839	1014	1212	1440	1691	1979	2262	2555	2859	3181	3524	3866	4206	4542	4866	5186	5499	5805	6109	6413	6711
3.0	100	5	11.60	6.55	21	AIS	RCP 4.5 (BC)	0	0	2	18	62	136	265	441	651	906	1169	1439	1723	2022	2281	2509	2713	2901	3089	3281	3470	3664	3868	4067	4252	4424	4586	4743	4894	5041	5180
3.0	100	5	11.60	6.55	21	WAIS	RCP 4.5 (BC)	0	1	0	2	12	32	79	163	275	430	591	752	921	1102	1240	1352	1449	1532	1616	1705	1795	1892	2001	2110	2207	2299	2382	2462	2542	2618	2688
3.0	100	5	11.60	6.55	21	EAIS	RCP 4.5 (BC)	0	-1	2	16	50	104	186	278	376	476	578	687	802	920	1041	1157	1264	1369	1473	1576	1675	1772	1867	1957	2045	2125	2204	2281	2352	2423	2492
3.0	100	5	11.60	6.55	21	AIS	RCP 2.6 (BC)	0	1	7	23	66	127	196	274	361	445	533	634	722	801	877	951	1022	1088	1162	1246	1313	1372	1430	1484	1529	1573	1619	1663	1706	1746	1783
3.0	100	5	11.60	6.55	21	WAIS	RCP 2.6 (BC)	0	1	4	8	20	38	60	89	120	153	198	260	313	361	410	458	507	553	609	677	729	776	823	868	905	941	979	1015	1051	1084	1114
3.0	100	5	11.60	6.55	21	EAIS	RCP 2.6 (BC)	0	0	3	15	46	89	136	185	241	292	335	374	409	440	467	493	515	535	553	569	584	596	607	616	624	632	640	648	655	662	669
3.0	150	1	9.40	6.36	22	AIS	RCP 8.5	0	-13	-28	-42	-52	-47	-17	30	97	189	306	462	721	1079	1506	1989	2525	3003	3459	3936	4418	4885	5322	5705	6025	6315	6581	6838	7079	7312	7535
3.0	150	1	9.40	6.36	22	WAIS	RCP 8.5	0	-8	-17	-27	-36	-39	-27	-3	35	92	168	274	462	721	1028	1371	1748	2055	2325	2587	2863	3123	3359	3543	3673	3778	3863	3939	4007	4070	4128
3.0	150	1	9.40	6.36	22	EAIS	RCP 8.5	0	-5	-11	-15	-16	-8	10	33	62	97	138	188	259	358	478	618	777	948	1134	1349	1555	1762	1963	2162	2352	2537	2718	2899	3072	3242	3407
3.0	150	1	9.40	6.36	22	AIS	RCP 4.5	0	-12	-27	-39	-49	-51	-41	-19	9	43	79	120	165	210	256	304	356	414	475	543	614	688	769	857	937	1018	1103	1203	1294	1379	1464
3.0	150	1	9.40	6.36	22	WAIS	RCP 4.5	0	-7	-16	-24	-32	-37	-37	-31	-20	-4	15	38	65	92	119	148	181	218	256	301	351	404	465	532	592	653	719	800	872	939	1006
3.0	150	1	9.40	6.36	22	EAIS	RCP 4.5	0	-5	-11	-15	-17	-14	-4	12	29	47	64	82	100	118	137	156	175	196	219	242	263	284	304	325	345	365	384	403	422	440	458
3.0	150	1	9.40	6.36	22	AIS	RCP 2.6	0	-14	-27	-40	-49	-55	-59	-59	-58	-56	-52	-50	-49	-47	-47	-47	-45	-46	-46	-46	-47	-47	-46	-46	-46	-46	-46	-46	-46	-45	-45
3.0	150	1	9.40	6.36	22	WAIS	RCP 2.6	0	-8	-16	-25	-33	-39	-45	-49	-53	-57	-59	-62	-65	-66	-68	-70	-71	-73	-74	-75	-76	-77	-76	-76	-76	-76	-76	-76	-76	-75	-75
3.0	150	1	9.40	6.36	22	EAIS	RCP 2.6	0	-6	-11	-15	-16	-16	-14	-10	-5	1	7	12	16	19	21	23	26	27	28	29	29	30	30	30	30	30	30	30	30	30	30
3.0	150	1	9.40	6.36	22	AIS	RCP 8.5 (BC)	0	-9	-18	-27	-29	-14	31	95	180	295	438	628	906	1294	1744	2222	2708	3159	3606	4084	4541	4994	5409	5763	6068	6345	6606	6857	7096	7326	7547
3.0	150	1	9.40	6.36	22	WAIS	RCP 8.5 (BC)	0	-3	-6	-10	-12	-4	23	64	120	200	300	440	646	935	1267	1603	1927	2207	2469	2729	2979	3225	3439	3595	3708	3800	3880	3950	4015	4075	4130
3.0	150	1	9.40	6.36	22	EAIS	RCP 8.5 (BC)	0	-6	-12	-17	-17	-10	8	31	60	95	138	188	260	359	477	619	781	952	1137	1355	1562	1769	1970	2168	2360	2545	2726	2907	3081	3251	3417
3.0	150	1	9.40	6.36	22	AIS	RCP 4.5 (BC)	0	-5	-13	-20	-23	-18	1	34	80	133	193	257	333	408	484	571	678	783	882	974	1063	1148	1234	1320	1405	1497	1596	1690	1779	1858	1935
3.0	150	1	9.40	6.36	22	WAIS	RCP 4.5 (BC)	0	0	-2	-5	-6	-4	5	23	52	88	131	177	234	290	348	416	503	588	664	734	801	866	931	997	1062	1134	1214	1289	1359	1420	1479
3.0	150	1	9.40	6.36	22	EAIS	RCP 4.5 (BC)	0	-5	-11	-15	-17	-14	-4	11	28	45	62	80	99	118	136	155	175	195	218	240	262	282	303	323	343	363	382	401	420	438	456
3.0	150	1	9.40	6.36	22	AIS	RCP 2.6 (BC)	0	-6	-14	-21	-24	-23	-20	-15	-8	-1	7	16	24	32	39	45	53	59	65	71	78	86	94	101	109	120	133	147	161	176	195
3.0	150	1	9.40	6.36	22	WAIS	RCP 2.6 (BC)	0	-1	-3	-6	-8	-7	-6	-5	-3	-2	1	4	8	13	18	22	28	32	37	43	49	57	65	73	81	92	105	119	133	148	167
3.0	150	1	9.40	6.36	22	EAIS	RCP 2.6 (BC)	0	-5	-11	-15	-16	-16	-14	-10	-5	1	6	12	16	19	21	23	25	27	28	28	29	29	29	28	28	28	28	28	28	28	28
10.0	0	0	5.36	5.32	23	AIS	RCP 8.5	0	-4	-8	-16	-25	-33	-37	-31	-11	29	93	191	358	600	915	1307	1758	2250	2736	3182	3629	4070	4497	4902	5289	5614	5902	6161	6403	6628	6841
10.0	0	0	5.36	5.32	23	WAIS	RCP 8.5	0	-2	-3	-6	-8	-8	-4	10	34	73	127	205	332	509	735	1014	1332	1677	2001	2266	2513	2751	2983	3197	3384	3528	3646	3740	3818	3887	3950
10.0	0	0	5.36	5.32	23	EAIS	RCP 8.5	0	-2	-5	-10	-17	-25	-33	-41	-45	-44	-34	-14	26	91	180	293	426	573	735	916	1116	1319	1514	1705	1905	2086	2256	2421	2585	2741	2891
10.0	0	0	5.36	5.32	23	AIS	RCP 4.5	0	2	0	-5	-13	-22	-27	-29	-26	-20	-6	12	33	54	77	101	124	147	170	190	212	235	257	280	302	323	347	372	398	425	452
10.0	0	0	5.36	5.32	23	WAIS	RCP 4.5	0	4	4	3	1	-1	0	5	13	25	43	63	87	110	135	159	183	206	229	249	270	292	314	336	358	379	402	426	451	477	502
10.0	0	0	5.36	5.32	23	EAIS	RCP 4.5	0	-2	-4	-8	-14	-21	-27	-34	-39	-45	-49	-51	-54	-56	-58	-58	-59	-59	-59	-59	-58	-57	-57	-56	-56	-56	-55	-54	-53	-52	-50
10.0	0	0	5.36	5.32	23	AIS	RCP 2.6	0	1	1	-5	-13	-22	-29	-35	-40	-44	-46	-48	-51	-50	-49	-48	-46	-42	-38	-33	-29	-24	-18	-12	-8	-2	2	8	13	19	25
10.0	0	0	5.36	5.32	23	WAIS	RCP 2.6	0	3	5	4	2	0	-1	-2	-2	-1	2	5	7	12	18	24	30	37	45	53	60	68	76	85	92	100	107	115	123	131	139
10.0	0	0	5.36	5.32	23	EAIS	RCP 2.6	0	-2	-4	-9	-15	-22	-28	-33	-38	-43	-48	-53	-58	-62	-67	-72	-76	-79	-83	-86	-89	-92	-94	-97	-100	-102	-105	-107	-110	-112	-114
10.0	0	0	5.36	5.32	23	AIS	RCP 8.5 (BC)	0	13	27	42	54	69	96	130	177	247	352	504	716	991	1328	1723	2150	2583	3029	3459	3878	4290	4682	5069	5414	5697	5952	6190	6421	6640	6845
10.0	0	0	5.36	5.32	23	WAIS	RCP 8.5 (BC)	0	15	32	52	71	94	129	171	222	292	388	519	691	900	1149	1430	1725	2010	2295	2544	2764	2973	3170	3360	3509	3612	3696	3769	3836	3899	3955
10.0	0	0	5.36	5.32	23	EAIS	RCP 8.5 (BC)	0	-2	-5	-10	-17	-25	-33	-41	-45	-45	-36	-15	25	91	179	293	425	573	734	915	1114	1317	1512	1709	1905	2085	2256	2421	2585	2741	2890
10.0	0	0	5.36	5.32	23	AIS	RCP 4.5 (BC)	0	18	36	53	69	88	112	138	166	201	253	316	379	437	491	544	594	643	689	734	783	826	868	909	951	994	1038	1081	1130	1183	1236
10.0	0	0	5.36	5.32	23	WAIS	RCP 4.5 (BC)	0	20	40	62	83	109	140	172	206	246	302	368	434	495	550	603	653	702	749	794	841	884	926	966	1008	1050	1093	1136	1184	1236	1287
10.0	0	0	5.36	5.32	23	EAIS	RCP 4.5 (BC)	0	-2	-4	-9	-14	-21	-28	-34	-40	-45	-49	-52	-55	-58	-59	-59	-59	-59	-60	-60	-58	-58	-58	-57	-57	-56	-55	-55	-54	-53	-51
10.0	0	0	5.36	5.32	23	AIS	RCP 2.6 (BC)	0	18	37	54	69	88	110	132	155	182	218	263	307	341	369	395	421	446	470	499	526	551	575	597	618	639	659	681	704	728	757
10.0	0	0	5.36	5.32	23	WAIS	RCP 2.6 (BC)	0	20	41	63	84	110	138	165	193	225	266	316	364	403	436	467	497	526	554	585	615	643	670	695	719	742	765	790	816	842	874
10.0	0	0	5.36	5.32	23	EAIS	RCP 2.6 (BC)	0	-2	-4	-9	-15	-22	-28	-33	-38	-43	-48	-53	-57	-62	-67	-72	-76	-80	-84	-86	-89	-92	-95	-98	-101	-103	-106	-109	-112	-114	-117
10.0	0	1	5.73	5.65	24	AIS	RCP 8.5	0	-3	-9	-16	-25	-33	-36	-29	-8	32	97	196	367	612	928	1325	1773	2277	2753	3199	3645	4092	4520	4924	5307	5629	5916	6172	6411	6637	6851
10.0	0	1	5.73	5.65	24	WAIS	RCP 8.5	0	-2	-4	-6	-9	-9	-4	10	35	74	130	209	339	518	746	1029	1345	1701	2015	2279	2525	2769	3002	3214	3398	3539	3656	3748	3826	3895	3958
10.0	0	1	5.73	5.65	24	EAIS	RCP 8.5	0	-1	-5	-10	-16	-24	-32	-39	-43	-42	-33	-13	28	94	182	296	428	576	738	920	1120	1323	1518	1710	1909	2090	2260	2424	2585	2742	2893
10.0	0	1	5.73	5.65	24	AIS	RCP 4.5	0	3	2	-3	-10	-19	-23	-24	-20	-10	5	21	42	66	90	116	141	166	192	217	242	267	293	318	345	373	404	435	467	503	548
10.0	0	1	5.73	5.65	24	WAIS	RCP 4.5	0	4	5	4	3	1	3	8	17	32	51	70	94	119	144	171	196	221	246	270	293	317	341	365	392	420	449	478	509	543	585
10.0	0	1	5.73	5.65	24	EAIS	RCP 4.5	0	-1	-3	-7	-13	-20	-26	-32	-37	-42	-46	-49	-52	-53	-54	-55	-55	-55	-54	-53	-51	-50	-48	-47	-47	-47	-45	-43	-42	-40	-37
10.0	0	1	5.73	5.65	24	AIS	RCP 2.6	0	1	1	-3	-10	-18	-24	-28	-32	-34	-35	-35	-34	-31	-28	-26	-23	-20	-14	-7	-1	5	10	16	21	26	31	36	43	51	59
10.0	0	1	5.73	5.65	24	WAIS	RCP 2.6	0	3	6	7	5	3	3	4	4	6	10	15	21	28	35	42	49	55	64	73	81	89	97	105	112	120	127	134	142	151	160
10.0	0	1	5.73	5.65	24	EAIS	RCP 2.6	0	-2	-5	-10	-15	-21	-27	-32	-36	-40	-45	-50	-55	-59	-63	-68	-72	-75	-78	-80	-82	-84	-87	-89	-91	-94	-96	-98	-99	-100	-101
10.0	0	1	5.73	5.65	24	AIS	RCP 8.5 (BC)	0	14	30	47	62	87	113	150	209	297	417	560	765	1038	1376	1768	2198	2640	3092	3507	3924	4333	4719	5101	5439	5718	5967	6204	6436	6653	6859
10.0	0	1	5.73	5.65	24	WAIS	RCP 8.5 (BC)	0	16	35	58	79	111	145	189	253	340	451	574	738	945	1195	1473	1770	2065	2354	2588	2805	3010	3201	3392	3530	3628	3708	3780	3847	3908	3963
10.0	0	1	5.73	5.65	24	EAIS	RCP 8.5 (BC)	0	-2	-5	-11	-17	-24	-32	-39	-44	-43	-34	-14	27	93	181	295	428	575	738	919	1119	1323	1518	1709	1909	2090	2259	2424	2589	2745	2896
10.0	0	1	5.73	5.65	24	AIS	RCP 4.5 (BC)	0	22	43	64	86	107	133	165	212	276	337	393	447	504	558	613	668	724	776	830	884	937	994	1052	1109	1164	1215	1266	1313	1363	1414
10.0	0	1	5.73	5.65	24	WAIS	RCP 4.5 (BC)	0	23	46	71	99	127	159	197	250	319	384	443	500	558	613	668	723	779	830	882	935	987	1043	1100	1157	1211	1261	1309	1355	1403	1451
10.0	0	1	5.73	5.65	24	EAIS	RCP 4.5 (BC)	0	-1	-3	-7	-13	-20	-26	-32	-38	-43	-47	-50	-53	-54	-55	-55	-55	-55	-54	-52	-51	-50	-49	-48	-48	-47	-46	-43	-42	-40	-37
10.0	0	1	5.73	5.65	24	AIS	RCP 2.6 (BC)	0	21	43	63	85	107	131	158	196	242	290	329	361	394	424	454	487	516	546	577	610	641	673	707	747	785	818	851	884	913	940
10.0	0	1	5.73	5.65	24	WAIS	RCP 2.6 (BC)	0	23	48	73	100	128	158	190	232	283	335	379	416	453	488	522	558	591	623	656	691	724	758	794	836	876	911	945	979	1010	1037
10.0	0	1	5.73	5.65	24	EAIS	RCP 2.6 (BC)	0	-2	-5	-10	-15	-21	-27	-32	-36	-41	-45	-50	-55	-59	-64	-68	-71	-75	-77	-79	-81	-83	-85	-87	-89	-91	-93	-94	-95	-97	-97
10.0	0	3	5.84	5.80	25	AIS	RCP 8.5	0	-3	-7	-14	-22	-30	-30	-22	1	46	111	212	387	636	965	1372	1844	2349	2816	3257	3705	4160	4585	4989	5361	5678	5960	6219	6461	6689	6907
10.0	0	3	5.84	5.80	25	WAIS	RCP 8.5	0	-1	-2	-3	-5	-4	3	18	45	89	145	225	358	541	781	1073	1413	1769	2069	2325	2575	2828	3057	3262	3439	3575	3685	3773	3850	3920	3985
10.0	0	3	5.84	5.80	25	EAIS	RCP 8.5	0	-2	-5	-11	-17	-26	-33	-40	-44	-43	-34	-13	29	95	184	299	431	580	747	932	1130	1332	1528	1727	1922	2103	2275	2446	2611	2769	2922
10.0	0	3	5.84	5.80	25	AIS	RCP 4.5	0	2	2	-1	-7	-13	-18	-17	-11	1	20	43	69	98	129	164	201	239	284	325	366	408	455	517	589	655	717	777	839	900	962
10.0	0	3	5.84	5.80	25	WAIS	RCP 4.5	0	4	6	7	6	6	7	14	25	41	63	88	115	145	177	211	247	284	328	368	407	447	493	553	623	688	747	806	868	926	985
10.0	0	3	5.84	5.80	25	EAIS	RCP 4.5	0	-2	-4	-8	-13	-19	-25	-31	-36	-40	-43	-45	-46	-47	-48	-47	-46	-45	-44	-43	-41	-39	-38	-36	-34	-33	-30	-29	-29	-26	-23
10.0	0	3	5.84	5.80	25	AIS	RCP 2.6	0	3	4	2	-4	-11	-15	-19	-20	-21	-20	-18	-16	-12	-8	-3	5	15	26	42	59	81	102	121	139	162	193	237	287	327	363
10.0	0	3	5.84	5.80	25	WAIS	RCP 2.6	0	4	7	9	9	7	8	9	12	16	21	28	34	41	49	59	70	83	97	115	135	159	182	202	222	246	279	324	375	415	453
10.0	0	3	5.84	5.80	25	EAIS	RCP 2.6	0	-1	-3	-7	-13	-18	-23	-28	-32	-37	-41	-46	-50	-53	-57	-62	-65	-68	-71	-73	-76	-78	-80	-81	-83	-84	-86	-87	-88	-88	-90
10.0	0	3	5.84	5.80	25	AIS	RCP 8.5 (BC)	0	24	52	79	106	142	193	265	337	427	540	687	899	1181	1533	1955	2408	2857	3275	3675	4089	4508	4884	5223	5524	5790	6037	6274	6499	6715	6922
10.0	0	3	5.84	5.80	25	WAIS	RCP 8.5 (BC)	0	26	58	90	124	168	227	306	382	470	574	699	869	1086	1348	1656	1977	2277	2530	2745	2959	3176	3356	3496	3601	3687	3762	3828	3890	3948	4002
10.0	0	3	5.84	5.80	25	EAIS	RCP 8.5 (BC)	0	-2	-6	-11	-18	-26	-34	-41	-45	-43	-34	-12	30	95	185	299	431	580	745	930	1130	1332	1528	1727	1923	2103	2275	2446	2609	2767	2920
10.0	0	3	5.84	5.80	25	AIS	RCP 4.5 (BC)	0	32	64	91	122	165	226	282	333	390	451	516	586	657	728	811	889	963	1036	1105	1172	1235	1298	1357	1415	1474	1534	1593	1651	1713	1775
10.0	0	3	5.84	5.80	25	WAIS	RCP 4.5 (BC)	0	33	67	98	135	184	250	312	369	430	494	562	633	704	775	857	935	1008	1080	1148	1213	1274	1335	1393	1449	1506	1564	1622	1679	1739	1798
10.0	0	3	5.84	5.80	25	EAIS	RCP 4.5 (BC)	0	-1	-3	-7	-13	-19	-24	-30	-36	-40	-43	-46	-47	-47	-47	-46	-46	-45	-44	-43	-41	-39	-37	-36	-34	-32	-30	-29	-28	-26	-23
10.0	0	3	5.84	5.80	25	AIS	RCP 2.6 (BC)	0	31	64	90	122	162	221	275	320	364	410	459	508	555	600	655	708	756	804	850	893	935	977	1018	1054	1089	1125	1162	1198	1235	1271
10.0	0	3	5.84	5.80	25	WAIS	RCP 2.6 (BC)	0	33	68	98	136	181	245	304	354	402	453	507	559	609	658	718	774	826	876	925	971	1015	1058	1101	1139	1175	1212	1250	1288	1326	1363
10.0	0	3	5.84	5.80	25	EAIS	RCP 2.6 (BC)	0	-2	-4	-8	-14	-19	-24	-29	-34	-38	-43	-48	-51	-54	-58	-63	-66	-70	-72	-75	-78	-80	-81	-83	-85	-86	-87	-88	-90	-91	-92
10.0	0	5	5.89	5.81	26	AIS	RCP 8.5	0	-3	-7	-14	-23	-29	-29	-18	8	53	122	228	407	662	1006	1413	1915	2398	2869	3310	3779	4221	4644	5053	5418	5733	6018	6275	6515	6748	6967
10.0	0	5	5.89	5.81	26	WAIS	RCP 8.5	0	-1	-3	-6	-8	-6	2	20	50	94	152	236	374	563	818	1111	1481	1815	2117	2375	2645	2887	3111	3317	3488	3620	3725	3810	3885	3954	4015
10.0	0	5	5.89	5.81	26	EAIS	RCP 8.5	0	-2	-4	-8	-15	-23	-31	-38	-42	-41	-30	-8	33	99	188	302	434	583	752	935	1134	1334	1533	1736	1930	2113	2293	2465	2630	2794	2952
10.0	0	5	5.89	5.81	26	AIS	RCP 4.5	0	3	3	-1	-5	-11	-13	-10	-2	15	35	62	94	129	173	219	264	315	377	455	529	598	671	746	818	891	976	1069	1151	1225	1297
10.0	0	5	5.89	5.81	26	WAIS	RCP 4.5	0	4	6	5	6	6	10	19	32	53	76	104	137	173	217	263	307	357	418	494	566	634	705	779	850	921	1004	1096	1176	1248	1316
10.0	0	5	5.89	5.81	26	EAIS	RCP 4.5	0	-1	-3	-6	-11	-17	-23	-29	-34	-38	-41	-42	-43	-44	-44	-44	-43	-42	-41	-39	-37	-36	-34	-33	-32	-30	-28	-27	-25	-23	-19
10.0	0	5	5.89	5.81	26	AIS	RCP 2.6	0	4	6	6	2	-3	-3	-1	4	12	25	40	57	75	95	120	160	212	253	295	338	385	435	482	529	586	637	686	730	773	810
10.0	0	5	5.89	5.81	26	WAIS	RCP 2.6	0	5	9	12	12	13	18	24	33	44	62	81	102	124	147	177	220	276	320	364	410	458	510	558	607	665	717	767	813	857	895
10.0	0	5	5.89	5.81	26	EAIS	RCP 2.6	0	-1	-3	-6	-10	-16	-21	-25	-29	-32	-37	-41	-45	-49	-52	-57	-60	-64	-67	-69	-72	-73	-75	-76	-78	-79	-80	-81	-83	-84	-85
10.0	0	5	5.89	5.81	26	AIS	RCP 8.5 (BC)	0	34	66	112	174	233	296	369	458	571	709	888	1123	1421	1777	2188	2627	3058	3464	3882	4298	4669	5010	5331	5614	5873	6121	6355	6580	6795	7000
10.0	0	5	5.89	5.81	26	WAIS	RCP 8.5 (BC)	0	36	71	121	190	257	327	408	501	612	739	897	1090	1323	1590	1887	2194	2476	2715	2946	3163	3331	3474	3588	3677	3753	3821	3883	3940	3994	4044
10.0	0	5	5.89	5.81	26	EAIS	RCP 8.5 (BC)	0	-2	-5	-9	-16	-24	-31	-39	-43	-41	-30	-9	33	98	187	301	433	582	749	936	1135	1338	1536	1743	1937	2120	2300	2472	2640	2801	2956
10.0	0	5	5.89	5.81	26	AIS	RCP 4.5 (BC)	0	41	76	126	193	253	310	374	445	526	612	708	794	877	961	1041	1120	1196	1275	1355	1438	1518	1613	1703	1785	1861	1929	1997	2059	2124	2181
10.0	0	5	5.89	5.81	26	WAIS	RCP 4.5 (BC)	0	42	79	132	204	270	333	403	478	562	651	748	836	920	1005	1084	1163	1238	1315	1393	1474	1553	1646	1734	1815	1889	1955	2021	2082	2144	2198
10.0	0	5	5.89	5.81	26	EAIS	RCP 4.5 (BC)	0	-1	-3	-6	-11	-17	-23	-29	-33	-36	-39	-40	-42	-43	-44	-43	-43	-42	-40	-38	-36	-35	-33	-31	-30	-28	-26	-24	-23	-20	-17
10.0	0	5	5.89	5.81	26	AIS	RCP 2.6 (BC)	0	39	75	127	194	255	313	373	435	502	574	647	710	769	824	878	929	977	1027	1083	1139	1195	1262	1322	1381	1430	1476	1519	1559	1597	1633
10.0	0	5	5.89	5.81	26	WAIS	RCP 2.6 (BC)	0	40	78	133	205	271	335	400	466	536	613	691	757	820	879	937	991	1042	1095	1154	1212	1269	1338	1400	1459	1509	1556	1601	1643	1682	1720
10.0	0	5	5.89	5.81	26	EAIS	RCP 2.6 (BC)	0	-1	-3	-6	-11	-16	-22	-27	-31	-34	-39	-44	-47	-51	-55	-59	-62	-65	-68	-71	-73	-74	-76	-78	-78	-79	-80	-82	-84	-85	-87
10.0	50	0	6.01	5.28	27	AIS	RCP 8.5	0	-3	-9	-17	-25	-30	-27	-9	27	87	175	323	555	884	1273	1749	2238	2704	3146	3598	4073	4544	4979	5354	5672	5958	6215	6459	6692	6914	7129
10.0	50	0	6.01	5.28	27	WAIS	RCP 8.5	0	-1	-4	-6	-8	-8	1	23	58	111	184	306	489	738	1024	1376	1717	2015	2278	2540	2804	3055	3287	3470	3602	3706	3790	3864	3932	3994	4051
10.0	50	0	6.01	5.28	27	EAIS	RCP 8.5	0	-2	-5	-11	-17	-22	-28	-32	-31	-24	-9	17	66	146	249	373	521	689	868	1058	1269	1489	1692	1884	2070	2252	2425	2595	2760	2920	3078
10.0	50	0	6.01	5.28	27	AIS	RCP 4.5	0	1	-1	-6	-13	-20	-23	-21	-12	3	24	47	75	104	140	181	221	269	318	363	409	463	529	598	664	725	785	838	890	940	988
10.0	50	0	6.01	5.28	27	WAIS	RCP 4.5	0	3	4	3	1	-1	1	8	21	39	62	87	116	146	181	221	260	306	352	394	437	489	552	619	681	739	794	843	890	935	977
10.0	50	0	6.01	5.28	27	EAIS	RCP 4.5	0	-2	-5	-9	-14	-19	-24	-29	-33	-36	-38	-40	-41	-42	-41	-40	-39	-37	-34	-31	-28	-26	-23	-21	-17	-14	-9	-5	0	5	11
10.0	50	0	6.01	5.28	27	AIS	RCP 2.6	0	2	0	-4	-10	-18	-23	-28	-31	-34	-35	-36	-37	-36	-34	-31	-28	-25	-20	-14	-8	-3	3	7	13	19	23	28	35	41	48
10.0	50	0	6.01	5.28	27	WAIS	RCP 2.6	0	3	4	4	2	0	-1	-1	0	1	4	7	11	16	22	29	36	43	51	60	68	75	83	90	98	106	113	120	129	136	144
10.0	50	0	6.01	5.28	27	EAIS	RCP 2.6	0	-1	-4	-8	-12	-18	-22	-27	-31	-35	-39	-43	-48	-52	-56	-60	-64	-68	-71	-74	-76	-78	-80	-83	-85	-87	-90	-92	-94	-95	-96
10.0	50	0	6.01	5.28	27	AIS	RCP 8.5 (BC)	0	13	28	43	56	79	114	162	242	365	508	685	936	1263	1649	2097	2575	3025	3433	3842	4279	4724	5119	5438	5721	5985	6229	6464	6689	6905	7115
10.0	50	0	6.01	5.28	27	WAIS	RCP 8.5 (BC)	0	15	33	53	73	101	141	193	272	387	515	667	868	1115	1399	1723	2055	2336	2565	2784	3006	3235	3426	3554	3651	3732	3803	3868	3928	3984	4036
10.0	50	0	6.01	5.28	27	EAIS	RCP 8.5 (BC)	0	-2	-5	-10	-17	-22	-27	-31	-30	-22	-7	18	68	148	250	374	520	689	868	1058	1273	1489	1693	1884	2070	2253	2426	2596	2761	2921	3079
10.0	50	0	6.01	5.28	27	AIS	RCP 4.5 (BC)	0	19	37	56	70	93	120	149	188	245	312	376	440	500	557	614	670	724	778	829	878	927	976	1030	1092	1152	1212	1268	1322	1377	1428
10.0	50	0	6.01	5.28	27	WAIS	RCP 4.5 (BC)	0	21	42	65	84	112	144	178	221	280	350	417	482	543	599	655	709	761	812	861	907	953	1000	1051	1110	1166	1222	1273	1323	1373	1418
10.0	50	0	6.01	5.28	27	EAIS	RCP 4.5 (BC)	0	-2	-5	-9	-14	-19	-24	-29	-33	-35	-38	-41	-42	-43	-42	-41	-39	-37	-34	-32	-29	-26	-24	-21	-18	-14	-10	-5	-1	4	10
10.0	50	0	6.01	5.28	27	AIS	RCP 2.6 (BC)	0	20	38	56	72	93	117	138	160	185	222	267	312	347	375	402	428	453	479	508	536	563	587	609	632	654	674	697	722	750	781
10.0	50	0	6.01	5.28	27	WAIS	RCP 2.6 (BC)	0	21	42	64	85	111	139	165	191	221	262	311	360	399	432	463	493	522	551	582	612	641	668	693	718	742	765	790	816	846	879
10.0	50	0	6.01	5.28	27	EAIS	RCP 2.6 (BC)	0	-1	-4	-8	-13	-18	-22	-27	-31	-36	-40	-44	-48	-52	-57	-61	-65	-69	-72	-74	-76	-78	-81	-84	-86	-88	-91	-93	-94	-96	-98
10.0	100	0	6.01	5.32	28	AIS	RCP 8.5	0	-2	-8	-16	-25	-30	-23	-1	36	99	197	349	585	914	1298	1781	2265	2724	3161	3605	4078	4546	4982	5359	5677	5964	6221	6465	6698	6920	7135
10.0	100	0	6.01	5.32	28	WAIS	RCP 8.5	0	-1	-4	-7	-10	-10	2	26	62	118	201	326	511	761	1043	1401	1735	2027	2285	2540	2799	3049	3284	3470	3603	3707	3791	3865	3933	3995	4052
10.0	100	0	6.01	5.32	28	EAIS	RCP 8.5	0	-1	-4	-9	-15	-20	-25	-27	-26	-19	-4	23	74	153	255	380	530	697	876	1065	1279	1497	1698	1889	2074	2257	2430	2600	2765	2925	3083
10.0	100	0	6.01	5.32	28	AIS	RCP 4.5	0	1	-1	-5	-11	-17	-19	-16	-7	11	32	58	87	122	164	207	257	309	360	414	472	544	617	684	745	800	852	904	954	1002	1048
10.0	100	0	6.01	5.32	28	WAIS	RCP 4.5	0	3	4	3	2	1	3	11	24	45	69	97	127	162	202	243	292	341	389	440	495	564	635	699	757	809	857	903	949	992	1033
10.0	100	0	6.01	5.32	28	EAIS	RCP 4.5	0	-2	-5	-8	-13	-18	-22	-27	-31	-34	-37	-39	-40	-40	-38	-36	-35	-32	-29	-26	-23	-20	-18	-15	-12	-9	-5	1	5	10	15
10.0	100	0	6.01	5.32	28	AIS	RCP 2.6	0	3	2	-2	-8	-15	-20	-24	-27	-30	-30	-30	-30	-26	-25	-21	-18	-14	-10	-5	-1	4	8	12	15	21	26	31	36	42	48
10.0	100	0	6.01	5.32	28	WAIS	RCP 2.6	0	4	6	6	4	2	1	2	3	4	8	12	17	24	30	37	44	51	58	65	72	79	85	92	98	106	113	120	128	136	143
10.0	100	0	6.01	5.32	28	EAIS	RCP 2.6	0	-1	-4	-8	-12	-17	-21	-26	-30	-34	-38	-42	-47	-50	-55	-58	-62	-65	-68	-70	-73	-75	-77	-80	-83	-85	-87	-89	-92	-94	-95
10.0	100	0	6.01	5.32	28	AIS	RCP 8.5 (BC)	0	15	30	45	60	84	121	173	257	384	528	710	964	1290	1676	2125	2602	3046	3452	3862	4298	4742	5128	5445	5729	5992	6236	6469	6694	6910	7120
10.0	100	0	6.01	5.32	28	WAIS	RCP 8.5 (BC)	0	16	34	54	74	104	146	200	283	404	532	688	891	1137	1421	1746	2075	2351	2578	2799	3029	3254	3436	3561	3658	3738	3809	3873	3932	3988	4040
10.0	100	0	6.01	5.32	28	EAIS	RCP 8.5 (BC)	0	-1	-4	-9	-14	-20	-25	-27	-26	-20	-4	22	73	153	255	379	527	695	874	1063	1269	1488	1692	1884	2071	2254	2427	2596	2762	2922	3080
10.0	100	0	6.01	5.32	28	AIS	RCP 4.5 (BC)	0	19	36	55	70	95	123	155	198	261	332	402	466	526	588	647	705	763	819	872	924	975	1034	1097	1155	1213	1269	1324	1376	1428	1478
10.0	100	0	6.01	5.32	28	WAIS	RCP 4.5 (BC)	0	21	41	63	83	112	145	182	229	295	368	439	503	564	624	682	738	794	847	897	946	995	1052	1112	1167	1222	1274	1324	1372	1419	1464
10.0	100	0	6.01	5.32	28	EAIS	RCP 4.5 (BC)	0	-2	-5	-8	-13	-17	-22	-27	-31	-34	-36	-37	-37	-38	-36	-35	-33	-31	-28	-25	-22	-20	-18	-15	-12	-9	-5	0	4	9	14
10.0	100	0	6.01	5.32	28	AIS	RCP 2.6 (BC)	0	19	38	57	74	97	120	144	168	196	232	278	321	356	383	411	437	463	490	520	547	573	597	619	641	662	682	705	730	754	784
10.0	100	0	6.01	5.32	28	WAIS	RCP 2.6 (BC)	0	20	42	65	86	113	141	169	197	228	269	319	367	405	437	469	498	527	556	589	618	646	672	697	721	745	768	793	820	846	877
10.0	100	0	6.01	5.32	28	EAIS	RCP 2.6 (BC)	0	-1	-4	-8	-12	-16	-21	-25	-29	-32	-37	-41	-46	-49	-54	-58	-61	-64	-66	-69	-71	-73	-75	-78	-80	-83	-86	-88	-90	-92	-93
10.0	150	0	5.98	5.34	29	AIS	RCP 8.5	0	-4	-9	-14	-23	-26	-20	2	40	101	203	356	593	921	1307	1789	2270	2731	3167	3615	4083	4545	4981	5358	5676	5963	6220	6464	6697	6919	7133
10.0	150	0	5.98	5.34	29	WAIS	RCP 8.5	0	-2	-4	-5	-8	-6	5	29	66	120	207	333	518	767	1051	1409	1742	2036	2294	2552	2807	3050	3285	3470	3603	3707	3791	3865	3933	3995	4051
10.0	150	0	5.98	5.34	29	EAIS	RCP 8.5	0	-2	-5	-9	-15	-20	-25	-27	-26	-19	-4	23	75	154	256	380	528	695	873	1063	1276	1495	1696	1888	2073	2256	2429	2599	2764	2924	3082
10.0	150	0	5.98	5.34	29	AIS	RCP 4.5	0	1	-1	-6	-12	-19	-21	-17	-6	12	35	62	92	130	173	219	273	326	380	435	501	575	648	712	770	824	876	927	975	1024	1071
10.0	150	0	5.98	5.34	29	WAIS	RCP 4.5	0	3	3	2	0	-2	1	10	24	45	70	97	129	166	208	252	305	356	406	458	521	593	663	725	780	830	878	924	968	1012	1054
10.0	150	0	5.98	5.34	29	EAIS	RCP 4.5	0	-2	-4	-8	-12	-17	-22	-27	-30	-33	-35	-35	-37	-36	-35	-33	-32	-30	-26	-23	-20	-18	-15	-13	-10	-6	-2	3	7	12	17
10.0	150	0	5.98	5.34	29	AIS	RCP 2.6	0	1	1	-4	-10	-16	-21	-25	-28	-31	-33	-35	-35	-35	-34	-33	-30	-26	-21	-14	-8	-2	3	7	12	18	24	30	37	42	48
10.0	150	0	5.98	5.34	29	WAIS	RCP 2.6	0	2	4	3	1	0	-1	0	1	2	4	7	11	15	20	25	31	38	46	55	63	71	78	85	92	100	108	116	125	132	139
10.0	150	0	5.98	5.34	29	EAIS	RCP 2.6	0	-1	-3	-7	-11	-16	-20	-25	-29	-33	-37	-42	-46	-50	-54	-58	-61	-64	-67	-69	-71	-73	-75	-78	-80	-82	-84	-86	-88	-90	-91
10.0	150	0	5.98	5.34	29	AIS	RCP 8.5 (BC)	0	14	29	45	59	84	121	176	260	389	533	716	970	1293	1678	2124	2605	3047	3453	3861	4299	4747	5133	5450	5732	5996	6239	6473	6698	6914	7124
10.0	150	0	5.98	5.34	29	WAIS	RCP 8.5 (BC)	0	16	34	54	74	104	146	203	286	408	537	693	896	1139	1422	1743	2076	2351	2578	2797	3025	3252	3436	3561	3658	3738	3809	3873	3932	3988	4040
10.0	150	0	5.98	5.34	29	EAIS	RCP 8.5 (BC)	0	-2	-5	-9	-15	-20	-25	-27	-26	-19	-4	23	74	154	256	381	529	696	875	1064	1274	1495	1697	1889	2074	2258	2430	2600	2766	2926	3084
10.0	150	0	5.98	5.34	29	AIS	RCP 4.5 (BC)	0	17	34	51	67	87	116	148	193	256	327	397	463	526	590	650	707	765	821	877	931	988	1051	1109	1166	1223	1278	1329	1377	1427	1476
10.0	150	0	5.98	5.34	29	WAIS	RCP 4.5 (BC)	0	18	38	58	78	103	137	174	222	288	362	433	499	562	625	683	738	794	847	900	951	1006	1066	1122	1175	1229	1279	1326	1370	1415	1459
10.0	150	0	5.98	5.34	29	EAIS	RCP 4.5 (BC)	0	-1	-4	-7	-11	-16	-21	-26	-29	-32	-35	-36	-36	-36	-35	-33	-31	-29	-26	-23	-20	-18	-15	-13	-9	-6	-1	3	7	12	17
10.0	150	0	5.98	5.34	29	AIS	RCP 2.6 (BC)	0	19	38	58	75	96	121	144	168	197	233	279	321	355	384	412	437	465	490	518	545	571	595	617	639	661	681	704	728	753	784
10.0	150	0	5.98	5.34	29	WAIS	RCP 2.6 (BC)	0	21	42	65	86	112	141	168	196	228	269	319	366	404	437	468	497	527	555	585	615	643	669	695	719	743	766	791	817	844	876
10.0	150	0	5.98	5.34	29	EAIS	RCP 2.6 (BC)	0	-2	-4	-7	-11	-16	-20	-24	-28	-31	-36	-40	-45	-49	-53	-56	-60	-62	-65	-67	-70	-72	-74	-78	-80	-82	-85	-87	-89	-91	-92
